Target Position,Measured Position,Measured Velocity,Measured Iq
5.192,5.183,-0.029,0.01
5.192,5.183,0.096,0.004
5.192,5.183,0.025,0.007
5.192,5.182,-0.077,0.007
5.192,5.183,0.035,0.003
5.192,5.183,0.004,0.019
5.192,5.182,-0.121,0.012
5.192,5.183,0.05,0.004
5.192,5.183,0.013,0.014
5.192,5.183,-0.036,0.027
5.192,5.183,-0.097,0.015
5.192,5.183,-0.026,0.005
5.192,5.184,0.129,0.016
5.192,5.183,-0.004,0.027
5.192,5.183,-0.075,0.016
5.192,5.183,0.057,0.006
5.192,5.183,0.051,0.016
5.192,5.183,0.002,0.014
5.192,5.182,-0.171,0.008
5.192,5.183,0.071,0.013
5.192,5.184,0.136,0.006
5.192,5.183,-0.032,0.002
5.192,5.183,-0.05,0.005
5.192,5.183,-0.007,0.004
5.192,5.183,0.049,0.005
5.192,5.183,-0.027,0.008
5.192,5.182,-0.09,0.013
5.192,5.183,-0.016,0.012
5.192,5.183,0.037,0.014
5.192,5.183,0.044,0.01
5.192,5.183,0.059,0.014
5.192,5.183,0.059,0.003
5.192,5.182,-0.121,0.013
5.192,5.184,0.242,0.015
5.192,5.182,-0.059,0.013
5.192,5.182,-0.037,0.01
5.192,5.183,0.019,0.01
5.192,5.183,0.146,0.002
5.192,5.182,-0.059,-0.001
5.192,5.182,-0.082,0.02
5.192,5.183,0.007,0.014
5.192,5.183,-0.011,0.011
5.192,5.183,0.016,0.006
5.192,5.182,-0.088,0.013
5.192,5.184,0.167,0.01
5.192,5.183,0.072,0.016
5.192,5.182,-0.071,0.005
5.192,5.183,-0.036,0.014
5.192,5.183,0.02,0.005
5.192,5.182,-0.129,0.008
5.192,5.183,0.006,0.017
5.192,5.183,-0.038,0.006
5.192,5.184,0.194,0.012
5.192,5.183,-0.057,0.017
5.192,5.183,0.087,0.01
5.192,5.184,0.167,0.008
5.192,5.183,-0.036,0.01
5.192,5.182,-0.107,0
5.192,5.183,0.009,0.007
5.192,5.183,-0.009,0.011
5.192,5.183,-0.067,0.015
5.192,5.183,0.01,0.008
5.192,5.183,-0.039,0.013
5.192,5.182,-0.117,0.005
5.192,5.182,-0.104,0.003
5.192,5.184,0.149,0.006
5.192,5.183,-0.058,0.011
5.192,5.183,0.016,0.006
5.192,5.183,0.025,0
5.192,5.183,0.035,0.004
5.192,5.183,0.016,0.008
5.192,5.183,0.009,0.01
5.192,5.182,-0.123,0.008
5.192,5.183,0.067,0.01
5.192,5.182,-0.145,0.009
5.192,5.184,0.092,0.017
5.192,5.184,0.078,0.01
5.192,5.183,0.008,0.005
5.192,5.183,-0.105,0.012
5.192,5.184,0.092,0.005
5.192,5.184,0.099,0.002
5.192,5.184,0.09,0.007
5.192,5.183,0.019,0.017
5.192,5.184,0.09,0.014
5.192,5.183,-0.027,0.003
5.192,5.184,0.156,0.011
5.192,5.183,0.031,0.009
5.192,5.183,0.019,0.004
5.192,5.183,0.045,0.01
5.192,5.183,0.057,0.002
5.192,5.183,0.051,0.008
5.192,5.183,0.004,0.004
5.192,5.183,-0.011,0.013
5.192,5.184,0.102,0.011
5.192,5.183,-0.021,0.016
5.192,5.182,-0.135,0.007
5.192,5.184,0.157,0.023
5.192,5.183,0.043,0.01
5.192,5.183,-0.084,0.015
5.192,5.183,-0.006,0.01
5.192,5.183,0.04,-0.002
5.192,5.183,0.03,0.011
5.192,5.183,0.039,0.01
5.192,5.183,-0.057,0.011
5.192,5.184,0.137,0.009
5.192,5.183,0.019,0.014
5.192,5.183,-0.053,0.013
5.192,5.183,-0.057,0.006
5.192,5.184,0.105,0.006
5.192,5.183,-0.032,0.009
5.192,5.182,-0.127,0.008
5.192,5.183,-0.098,0.009
5.192,5.183,-0.014,0.017
5.192,5.183,0.012,0.002
5.192,5.183,-0.01,0.011
5.192,5.183,0.041,0.01
5.192,5.182,-0.137,0.01
5.192,5.184,0.101,0.012
5.192,5.182,-0.128,0.004
5.192,5.183,-0.053,0.005
5.192,5.183,-0.064,-0.001
5.192,5.183,-0.084,0.003
5.192,5.184,0.128,0.015
5.192,5.184,0.095,0
5.192,5.184,0.081,0.01
5.192,5.183,-0.074,0.007
5.192,5.183,-0.081,0.01
5.192,5.182,-0.157,0.005
5.192,5.183,0.042,0.013
5.192,5.183,-0.024,0.003
5.192,5.183,0.028,0.015
5.192,5.183,-0.121,0.002
5.192,5.182,-0.163,0.019
5.192,5.181,-0.254,0.005
5.192,5.184,0.103,0.013
5.192,5.183,-0.028,0
5.192,5.183,-0.017,0.006
5.192,5.183,0.026,0.003
5.192,5.183,-0.093,0.017
5.192,5.182,-0.131,0.009
5.192,5.183,0.011,0.018
5.192,5.183,0.099,0.008
5.192,5.182,-0.101,0.013
5.192,5.183,-0.006,0.021
5.192,5.183,0.076,0.009
5.192,5.183,0.021,0.013
5.192,5.183,0.062,0.016
5.192,5.183,0.071,0.015
5.192,5.183,0.024,0.003
5.192,5.183,0.006,0.011
5.192,5.183,-0.088,0.011
5.192,5.183,-0.092,0.007
5.192,5.183,-0.087,0.014
5.192,5.183,-0.009,0.008
5.192,5.184,0.133,0.004
5.192,5.183,-0.013,0.012
5.192,5.183,0.047,0.017
5.192,5.183,-0.064,0.014
5.192,5.183,0.022,0.014
5.192,5.184,0.133,0.008
5.192,5.182,-0.107,0.022
5.192,5.183,-0.044,0.017
5.192,5.183,0.008,0.016
5.192,5.183,0.026,0.016
5.192,5.183,-0.023,0.017
5.192,5.183,-0.057,0.011
5.192,5.183,0.035,0.005
5.192,5.183,0.096,0.015
5.192,5.183,0.03,0.014
5.192,5.183,-0.052,0.008
5.192,5.181,-0.229,0.022
5.192,5.183,0.013,0.004
5.192,5.183,0.045,0.011
5.192,5.183,0.006,0.01
5.192,5.182,-0.071,0.012
5.192,5.183,0.083,0.001
5.192,5.183,-0.011,0.01
5.192,5.183,0.135,0.011
5.192,5.183,-0.009,0.017
5.192,5.183,0.049,0.003
5.192,5.183,0.115,0.014
5.192,5.183,0.017,0.012
5.192,5.183,0.053,0.02
5.192,5.183,0.081,0.011
5.192,5.183,-0.004,0.006
5.192,5.182,-0.075,0.02
5.192,5.183,-0.008,0.017
5.192,5.182,-0.065,0.006
5.192,5.183,-0.023,0.01
5.192,5.183,-0.009,0.011
5.192,5.183,0.029,0.009
5.192,5.181,-0.228,0.01
5.192,5.183,0.021,0.011
5.192,5.183,-0.026,0.017
5.192,5.182,-0.091,0.016
5.192,5.182,-0.079,0.017
5.192,5.184,0.17,0.021
5.192,5.183,0.044,0.008
5.192,5.182,-0.072,0.007
5.192,5.183,0.05,0.011
5.192,5.182,-0.08,0.013
5.192,5.183,0.023,0.015
5.192,5.183,0.047,0.01
5.192,5.183,0.027,0.024
5.192,5.182,-0.111,0.009
5.192,5.183,0.014,0.013
5.192,5.182,-0.035,0.015
5.192,5.183,0.103,0.01
5.192,5.181,-0.161,0.001
5.192,5.182,-0.032,0.014
5.192,5.183,-0.003,0.011
5.192,5.182,-0.057,0.004
5.192,5.181,-0.166,0.009
5.192,5.181,-0.253,0.007
5.192,5.182,-0.063,0.011
5.192,5.182,-0.127,0.004
5.192,5.183,0.025,0.012
5.192,5.182,-0.055,0.008
5.192,5.183,0.029,0.008
5.192,5.183,-0.025,0.005
5.192,5.183,-0.001,0.019
5.192,5.182,-0.071,-0.003
5.192,5.182,-0.067,0.009
5.192,5.182,-0.053,0.017
5.192,5.183,0.003,0.007
5.192,5.183,0.076,0.016
5.192,5.182,-0.036,0.013
5.192,5.182,-0.035,-0.002
5.192,5.182,-0.076,0.02
5.192,5.183,0.071,0.024
5.192,5.183,0.018,0.009
5.192,5.182,-0.053,0.015
5.192,5.183,0.158,0.009
5.192,5.183,0.015,0.009
5.192,5.183,0.012,0.011
5.192,5.182,-0.14,0.016
5.192,5.183,0.044,0.012
5.192,5.183,0.044,0.012
5.192,5.183,0.061,0.014
5.192,5.183,0.137,0.014
5.192,5.183,0.062,0.006
5.192,5.183,-0.018,0.009
5.192,5.182,-0.134,0.018
5.192,5.183,0.129,0.021
5.192,5.183,0.067,0.004
5.192,5.182,-0.064,0.013
5.192,5.183,0.017,0.008
5.192,5.183,0.047,0.015
5.192,5.183,0.106,0.018
5.192,5.183,-0.024,0.022
5.192,5.183,0.005,0.005
5.192,5.183,0.049,0.009
5.192,5.182,-0.076,0.012
5.192,5.183,0.027,0.012
5.192,5.183,0.012,0.014
5.192,5.183,-0.032,0.022
5.192,5.183,-0.013,0.012
5.192,5.182,-0.062,0.015
5.192,5.183,0.001,-0.001
5.192,5.183,0.021,0.02
5.192,5.183,0.033,0.015
5.192,5.183,0.065,0.004
5.192,5.183,0.044,0.015
5.192,5.183,0.067,0.01
5.192,5.182,-0.112,0.009
5.192,5.184,0.12,0.008
5.192,5.183,-0.057,0.02
5.192,5.181,-0.222,0.019
5.192,5.183,0.014,0.011
5.192,5.183,-0.006,0.015
5.192,5.183,0.01,0.019
5.192,5.183,-0.039,0.03
5.192,5.182,-0.137,0.005
5.192,5.182,-0.05,0.012
5.192,5.183,0.123,0.022
5.192,5.184,0.176,0.021
5.192,5.182,-0.094,0.019
5.192,5.183,0.025,0.002
5.192,5.184,0.193,0.014
5.192,5.183,0.019,0.006
5.192,5.182,-0.068,0.013
5.192,5.183,0.061,0.011
5.192,5.183,0.047,0.009
5.192,5.182,-0.083,0.018
5.192,5.183,0.043,-0.007
5.192,5.183,0.037,0.014
5.192,5.183,-0.028,0.022
5.192,5.183,0.02,0.022
5.192,5.182,-0.066,0.007
5.192,5.183,0.089,0.019
5.192,5.183,-0.005,0.011
5.192,5.183,0.167,0.005
5.192,5.182,-0.071,0.014
5.192,5.182,-0.064,0.012
5.192,5.183,0.044,0.011
5.192,5.182,-0.086,0.008
5.192,5.183,-0.012,0.012
5.192,5.182,-0.122,0.011
5.192,5.183,-0.016,0.02
5.192,5.183,0.06,0.015
5.192,5.183,0.045,0.01
5.192,5.183,-0.016,0.026
5.192,5.183,-0.022,0.013
5.192,5.182,-0.119,0.016
5.192,5.182,-0.063,0.009
5.192,5.182,-0.07,0.018
5.192,5.183,-0.004,0.012
5.192,5.183,0.04,0.013
5.192,5.182,-0.069,0.014
5.192,5.182,-0.063,0.008
5.192,5.183,-0.034,0.012
5.192,5.183,0.093,0.01
5.192,5.183,0.01,0.015
5.192,5.183,0.029,-0.001
5.192,5.182,-0.17,0.012
5.192,5.183,0.096,0.004
5.192,5.183,-0.037,0.011
5.192,5.183,0.088,0.005
5.192,5.183,-0.031,0.006
5.192,5.183,0.003,0.014
5.192,5.183,0.011,0.017
5.192,5.182,-0.104,0.009
5.192,5.182,-0.097,0.02
5.192,5.183,0.012,0.011
5.192,5.183,-0.007,0.014
5.192,5.183,0.062,0.014
5.192,5.182,-0.096,0.017
5.192,5.182,-0.107,0.015
5.192,5.183,0.044,0.009
5.192,5.182,-0.088,0.022
5.192,5.182,-0.075,0.008
5.192,5.183,0.043,0.013
5.192,5.182,-0.062,0.015
5.192,5.183,0.046,0.002
5.192,5.182,-0.1,0.009
5.192,5.182,-0.088,0.003
5.192,5.183,0.111,0.02
5.192,5.182,-0.088,0.015
5.192,5.183,-0.023,0.014
5.192,5.184,0.163,0.014
5.192,5.182,-0.09,0.007
5.192,5.183,-0.039,0.011
5.192,5.183,0.032,0.009
5.192,5.183,-0.036,0.004
5.192,5.184,0.148,0.011
5.192,5.183,0.045,0.005
5.192,5.183,0.016,0.013
5.192,5.183,0.032,0.012
5.192,5.182,-0.112,0.003
5.192,5.184,0.112,0.009
5.192,5.183,0.058,0.002
5.192,5.183,-0.081,0.007
5.192,5.183,-0.007,0.009
5.192,5.183,-0.028,0.012
5.192,5.183,0.044,0.009
5.192,5.182,-0.132,0.01
5.192,5.183,0.006,0.014
5.192,5.183,-0.066,0.008
5.192,5.183,0.063,0
5.192,5.184,0.111,0.01
5.192,5.183,-0.067,0.019
5.192,5.182,-0.119,0.014
5.192,5.183,0.011,0.007
5.192,5.183,0.075,0.012
5.192,5.182,-0.107,0.008
5.192,5.184,0.134,-0.003
5.192,5.183,0.009,0.009
5.192,5.182,-0.109,0.014
5.192,5.181,-0.215,0.004
5.192,5.183,-0.067,0.005
5.192,5.183,-0.002,0.011
5.192,5.183,-0.006,0.013
5.192,5.183,0.017,0.018
5.192,5.182,-0.081,0.004
5.192,5.183,0.039,0.004
5.192,5.183,0.038,0.014
5.192,5.183,-0.013,0.02
5.192,5.182,-0.123,0.014
5.192,5.183,0.049,0.011
5.192,5.183,0.049,0.008
5.192,5.182,-0.063,0.012
5.192,5.183,-0.023,0.001
5.192,5.183,0.08,0.004
5.192,5.184,0.137,0.012
5.192,5.182,-0.157,0.011
5.192,5.183,-0.048,0.002
5.192,5.183,-0.051,0.009
5.192,5.183,0.021,0.014
5.192,5.183,-0.001,0.013
5.192,5.183,0.006,0.01
5.192,5.183,-0.039,0.019
5.192,5.183,0.016,0.015
5.192,5.183,0.049,0.011
5.192,5.183,-0.013,0.007
5.192,5.183,0.053,0.006
5.192,5.182,-0.053,0.003
5.192,5.183,-0.017,0.004
5.192,5.183,0.046,0.004
5.192,5.183,-0.022,0.011
5.192,5.183,-0.011,0.005
5.192,5.182,-0.154,0.003
5.192,5.183,-0.045,0.003
5.192,5.182,-0.114,0.015
5.192,5.183,0.023,0.022
5.192,5.182,-0.08,0.007
5.192,5.183,0.038,0.012
5.192,5.183,0.024,0.01
5.192,5.183,0.085,0.018
5.192,5.182,-0.088,0.005
5.192,5.182,-0.062,0.011
5.192,5.183,-0.012,0.01
5.192,5.182,-0.09,0.006
5.192,5.183,0.06,0.02
5.192,5.183,0.106,0.01
5.192,5.182,-0.07,0.01
5.192,5.183,-0.018,0.015
5.192,5.183,-0.018,0.012
5.192,5.183,-0.017,0.007
5.192,5.181,-0.183,0.008
5.192,5.181,-0.17,0.007
5.192,5.183,-0.001,0.005
5.192,5.183,0.066,0.008
5.192,5.182,-0.057,0.006
5.192,5.183,-0.006,0.011
5.192,5.182,-0.043,0.002
5.192,5.181,-0.166,0.019
5.192,5.183,0.098,0.004
5.192,5.183,0.016,0.003
5.192,5.182,-0.031,-0.004
5.192,5.183,0.069,0.008
5.192,5.183,0.066,-0.006
5.192,5.183,-0.013,0.014
5.192,5.183,-0.011,0.005
5.192,5.183,0.044,0.008
5.192,5.184,0.138,0.01
5.192,5.182,-0.113,0.011
5.192,5.183,-0.049,0.003
5.192,5.183,0.022,0.006
5.192,5.183,0.038,0.007
5.192,5.183,-0.003,0.011
5.192,5.181,-0.2,0.015
5.192,5.183,0.026,0.011
5.192,5.182,-0.049,0.004
5.192,5.183,-0.015,0.001
5.192,5.183,0.073,0.015
5.192,5.183,0.1,0.012
5.192,5.182,-0.032,0.009
5.192,5.182,-0.03,0.013
5.192,5.183,0.031,-0.002
5.192,5.183,0.062,0.016
5.192,5.183,0.062,0.013
5.192,5.183,0.041,0.008
5.192,5.183,-0.003,0.016
5.192,5.183,0.079,0.004
5.192,5.182,-0.064,0
5.192,5.184,0.202,0.014
5.192,5.182,-0.112,0.015
5.192,5.182,-0.127,0.008
5.192,5.183,0.019,0.008
5.192,5.183,0.026,0.01
5.192,5.183,0.008,0.006
5.192,5.182,-0.065,0.01
5.192,5.183,0.119,0.005
5.192,5.183,-0.002,0.009
5.192,5.182,-0.12,0.015
5.192,5.182,-0.125,0.015
5.192,5.182,-0.138,-0.004
5.192,5.183,0,0.01
5.192,5.182,-0.085,0
5.192,5.183,-0.025,0.01
5.192,5.182,-0.092,0.013
5.192,5.183,0.089,0.01
5.192,5.183,-0.011,0.011
5.192,5.183,-0.014,0.022
5.192,5.183,-0.028,0.009
5.192,5.182,-0.079,0.017
5.192,5.182,-0.068,0.025
5.192,5.183,0.009,0.015
5.192,5.183,0.017,0.017
5.192,5.182,-0.05,0.001
5.192,5.182,-0.066,0.011
5.192,5.183,0.011,0.012
5.192,5.182,-0.056,0.014
5.192,5.183,0.132,0.005
5.192,5.182,-0.058,0.008
5.192,5.183,0.145,0.01
5.192,5.183,0.02,0.009
5.192,5.183,0.005,0.017
5.192,5.183,-0.014,0.016
5.192,5.181,-0.159,0.018
5.192,5.182,-0.096,0
5.192,5.182,-0.047,0.003
5.192,5.182,-0.049,0.003
5.192,5.183,0.069,0.011
5.192,5.183,0.07,0.012
5.192,5.183,0.022,0.007
5.192,5.183,0.107,0.017
5.192,5.181,-0.252,0.017
5.192,5.183,-0.022,0.012
5.192,5.183,-0.032,0.017
5.192,5.183,-0.035,0.015
5.192,5.182,-0.079,0.018
5.192,5.183,-0.031,0.01
5.192,5.183,0.043,0.01
5.192,5.182,-0.081,0.022
5.192,5.183,-0.037,0.004
5.192,5.184,0.161,0.015
5.192,5.184,0.14,0.01
5.192,5.183,-0.039,0.006
5.192,5.183,0.026,0.009
5.192,5.183,-0.014,0.013
5.192,5.183,-0.042,0.01
5.192,5.183,0.076,0.016
5.192,5.183,0.019,0.012
5.192,5.182,-0.093,0.02
5.192,5.183,0.034,0.019
5.192,5.183,0.093,0.019
5.192,5.183,0.021,0.009
5.192,5.183,0.078,0.014
5.192,5.183,0.036,0.017
5.192,5.181,-0.186,0.011
5.192,5.183,0.004,0.002
5.192,5.183,-0.021,0.01
5.192,5.182,-0.114,0.013
5.192,5.183,-0.043,0.02
5.192,5.182,-0.13,0.009
5.192,5.183,0.021,0.018
5.192,5.183,0.089,0.006
5.192,5.182,-0.121,0.018
5.192,5.183,0.074,0.016
5.192,5.183,0.071,0.01
5.192,5.183,-0.046,0.011
5.192,5.183,-0.048,0.012
5.192,5.183,-0.003,0.014
5.192,5.183,-0.069,0.01
5.192,5.183,0.056,0.013
5.192,5.183,-0.003,0.01
5.192,5.182,-0.121,0.016
5.192,5.183,0.07,0.015
5.192,5.183,0.019,0.013
5.192,5.182,-0.09,0.013
5.192,5.183,0.028,0.019
5.192,5.183,0.04,0.015
5.192,5.182,-0.157,0.001
5.192,5.184,0.13,0.011
5.192,5.183,0.074,0.018
5.192,5.184,0.158,0.01
5.192,5.183,-0.054,0.017
5.192,5.183,-0.021,0.014
5.192,5.183,-0.05,0.002
5.192,5.183,0.002,0.014
5.192,5.183,0.016,0.026
5.192,5.183,-0.043,0.02
5.192,5.182,-0.099,0.015
5.192,5.182,-0.155,0.017
5.192,5.183,-0.018,0.019
5.192,5.183,0.078,0.004
5.192,5.182,-0.098,0.018
5.192,5.183,-0.022,0.017
5.192,5.183,0.05,0.017
5.192,5.183,0.052,0.017
5.192,5.183,0.077,0.02
5.192,5.183,0.082,0.011
5.192,5.183,0.002,0.008
5.192,5.182,-0.122,0.007
5.192,5.182,-0.064,0.015
5.192,5.183,0.002,0.003
5.192,5.183,-0.016,0.011
5.192,5.183,0.061,0.011
5.192,5.183,0.06,0.014
5.192,5.183,0.002,0.006
5.192,5.183,0.04,0.012
5.192,5.183,-0.018,-0.003
5.192,5.183,0.09,0.008
5.192,5.183,0.099,0.011
5.192,5.183,0.101,0.006
5.192,5.183,-0.03,0.009
5.192,5.182,-0.065,0.015
5.192,5.183,0.008,0.006
5.192,5.182,-0.072,0.009
5.192,5.183,0.045,0.019
5.192,5.182,-0.078,0.008
5.192,5.182,-0.077,0.008
5.192,5.183,0.038,0.014
5.192,5.182,-0.081,0.01
5.192,5.183,-0.02,0.014
5.192,5.182,-0.074,0.02
5.192,5.182,-0.131,0.02
5.192,5.183,0.056,0.022
5.192,5.183,0.004,0.012
5.192,5.183,0.064,0.016
5.192,5.183,0.066,0.011
5.192,5.183,0.055,0.014
5.192,5.183,0.003,0.018
5.192,5.183,0.089,0.005
5.192,5.183,0.05,0.011
5.192,5.182,-0.154,0.016
5.192,5.183,-0.009,0.003
5.192,5.183,0.049,0.007
5.192,5.183,-0.017,0.008
5.192,5.182,-0.08,0.002
5.192,5.183,0.062,0.016
5.192,5.183,0.071,0.014
5.192,5.183,0.058,0.009
5.192,5.183,0.121,0.014
5.192,5.183,-0.016,0.008
5.192,5.183,0.045,0.012
5.192,5.183,0.038,0.015
5.192,5.183,0.04,0.01
5.192,5.183,0.029,0.017
5.192,5.183,-0.004,0.022
5.192,5.183,-0.014,0.014
5.192,5.183,0.027,0.01
5.192,5.183,-0.015,0.004
5.192,5.182,-0.088,0.01
5.192,5.184,0.171,0.015
5.192,5.183,0.101,0.004
5.192,5.183,0.088,0.001
5.192,5.183,-0.046,0.032
5.192,5.182,-0.071,0.018
5.192,5.182,-0.059,0.017
5.192,5.183,0.014,0.005
5.192,5.184,0.156,0.015
5.192,5.183,0.047,0.009
5.192,5.183,-0.033,0.015
5.192,5.183,-0.03,0.023
5.192,5.183,-0.022,0.011
5.192,5.183,0.038,0.008
5.192,5.183,0.081,0.018
5.192,5.183,-0.037,0.015
5.192,5.183,0.006,0.016
5.192,5.184,0.209,0.009
5.192,5.183,0.076,0.022
5.192,5.183,-0.038,0.007
5.192,5.183,-0.005,0.014
5.192,5.183,0.046,0.019
5.192,5.184,0.135,0.023
5.192,5.183,-0.053,0.002
5.192,5.184,0.193,0.012
5.192,5.183,-0.002,0.014
5.192,5.182,-0.091,0.025
5.192,5.183,0.118,0.008
5.192,5.182,-0.095,0.003
5.192,5.184,0.284,0.01
5.192,5.183,-0.03,0.004
5.192,5.183,0.038,0.023
5.192,5.183,0.052,0.009
5.192,5.182,-0.082,0.011
5.192,5.183,0.106,0.01
5.192,5.183,-0.013,0.014
5.192,5.183,-0.002,0.017
5.192,5.183,0.078,0.006
5.192,5.182,-0.064,0.003
5.192,5.182,-0.075,0.017
5.192,5.182,-0.035,0.014
5.192,5.183,0.068,0.007
5.192,5.183,0.107,0.018
5.192,5.182,-0.051,0.012
5.192,5.183,-0.022,0.015
5.192,5.182,-0.077,0.017
5.192,5.183,0.001,0.018
5.192,5.183,0.063,0.003
5.192,5.183,-0.018,0.011
5.192,5.182,-0.05,0.012
5.192,5.183,0.016,0
5.192,5.182,-0.145,-0.003
5.192,5.183,-0.003,0.004
5.192,5.183,-0.041,0.008
5.192,5.183,0.009,0.001
5.192,5.183,0.016,0.016
5.192,5.183,0.073,0.022
5.192,5.183,0.078,0.016
5.192,5.183,-0.049,0.014
5.192,5.183,0.028,0.017
5.192,5.183,-0.044,0.019
5.192,5.183,-0.033,-0.007
5.192,5.183,0.023,0.012
5.192,5.183,-0.026,0.023
5.192,5.182,-0.085,0.015
5.192,5.183,0.096,0.029
5.192,5.181,-0.202,0.002
5.192,5.183,0.044,0.024
5.192,5.183,0.108,0.01
5.192,5.182,-0.078,0.011
5.192,5.183,-0.006,0.016
5.192,5.183,0.041,0.002
5.192,5.182,-0.075,0.005
5.192,5.183,0.028,0
5.192,5.183,0.076,0.007
5.192,5.183,0.038,0.015
5.192,5.182,-0.108,0.012
5.192,5.182,-0.125,0.005
5.192,5.183,-0.01,0.005
5.192,5.183,0.036,0.014
5.192,5.183,0.062,0.003
5.192,5.182,-0.067,0.008
5.192,5.182,-0.115,0.008
5.192,5.183,0.119,0.011
5.192,5.182,-0.057,0.009
5.192,5.182,-0.059,0.01
5.192,5.183,-0.004,0.017
5.192,5.183,0.015,0.014
5.192,5.182,-0.047,0.02
5.192,5.182,-0.065,0.008
5.192,5.183,0.126,-0.003
5.192,5.182,-0.087,0.009
5.192,5.183,0.092,0.018
5.192,5.183,0.029,0.012
5.192,5.183,0.072,0.01
5.192,5.183,0.074,0.011
5.192,5.183,0.002,0.011
5.192,5.182,-0.138,0.01
5.192,5.183,-0.004,0.015
5.192,5.183,-0.002,0.002
5.192,5.183,0.033,0.008
5.192,5.183,0.042,0.012
5.192,5.183,0.023,0.008
5.192,5.183,-0.033,0.01
5.192,5.182,-0.065,0.008
5.192,5.183,0.045,0.005
5.192,5.183,0.063,0.004
5.192,5.182,-0.085,0.009
5.192,5.183,0.072,0.012
5.192,5.182,-0.057,0.01
5.192,5.183,0.057,0.011
5.192,5.182,-0.087,0.003
5.192,5.183,-0.036,0.005
5.192,5.183,-0.005,0.017
5.192,5.182,-0.133,0.006
5.192,5.183,0.002,0.016
5.192,5.183,0.018,0.007
5.192,5.183,0.023,0.008
5.192,5.183,0.008,0.011
5.192,5.183,0.103,0.005
5.192,5.183,0.028,0.01
5.192,5.182,-0.083,0.015
5.192,5.182,-0.075,0.005
5.192,5.183,0.037,0.007
5.192,5.182,-0.07,0.009
5.192,5.183,0.109,0.009
5.192,5.182,-0.06,0.01
5.192,5.183,0.011,0.02
5.192,5.183,0.017,0.012
5.192,5.183,0.104,0.016
5.192,5.183,0.015,0.009
5.192,5.182,-0.013,0.005
5.192,5.182,-0.023,0.008
5.192,5.182,-0.016,0.01
5.192,5.183,0.088,-0.004
5.192,5.183,0.009,0.006
5.192,5.181,-0.158,0.009
5.192,5.183,0.026,0.002
5.192,5.182,-0.035,0.008
5.192,5.183,0.044,0.007
5.192,5.182,-0.084,-0.001
5.192,5.182,-0.002,0.011
5.192,5.183,0.099,0.004
5.192,5.182,-0.088,0.009
5.192,5.183,0.081,0.014
5.192,5.183,0.08,0.008
5.192,5.183,0.12,0.009
5.192,5.182,-0.091,0.009
5.192,5.182,-0.028,0.006
5.192,5.181,-0.219,0.012
5.192,5.182,-0.037,0.01
5.192,5.183,0.014,0.018
5.192,5.183,0.019,0.004
5.192,5.183,0.064,0.007
5.192,5.183,0.053,0.006
5.192,5.183,0.06,0.009
5.192,5.182,-0.047,0.011
5.192,5.182,-0.154,0.013
5.192,5.183,0.05,0.022
5.192,5.182,-0.049,0.006
5.192,5.182,-0.07,0.002
5.192,5.182,-0.045,0.011
5.192,5.183,0.012,0.017
5.192,5.182,-0.131,0.011
5.192,5.183,0.065,0.016
5.192,5.183,0.029,0.005
5.192,5.183,0.063,0.004
5.192,5.182,-0.048,0.015
5.192,5.183,0.044,0.015
5.192,5.182,-0.032,0.013
5.192,5.183,0.013,0.009
5.192,5.183,0.009,0.011
5.192,5.182,-0.116,-0.001
5.192,5.183,0.057,0.009
5.192,5.182,-0.109,0.014
5.192,5.182,-0.096,0.012
5.192,5.183,0.05,0.004
5.192,5.182,-0.083,0.011
5.192,5.182,-0.094,0.019
5.192,5.183,-0.018,0.015
5.192,5.183,0.037,0.01
5.192,5.183,0.019,0.01
5.192,5.183,0.013,0.013
5.192,5.183,0.007,0.012
5.192,5.182,-0.082,0.019
5.192,5.183,0.037,0.006
5.192,5.183,-0.04,0.018
5.192,5.183,0.037,0.005
5.192,5.183,0.042,0.013
5.192,5.183,0.066,0.008
5.192,5.182,-0.102,0.02
5.192,5.183,-0.014,0.005
5.192,5.183,0.049,0.015
5.192,5.183,-0.017,0.014
5.192,5.183,-0.028,0.014
5.192,5.184,0.177,0.016
5.192,5.183,-0.015,0.013
5.192,5.182,-0.058,0.017
5.192,5.182,-0.022,0.01
5.192,5.182,-0.107,0.021
5.192,5.182,-0.052,0.014
5.192,5.182,-0.026,0.017
5.192,5.183,0.087,0.007
5.192,5.183,0.078,0.012
5.192,5.182,-0.125,0.008
5.192,5.183,0.013,0.022
5.192,5.183,0.032,0.017
5.192,5.183,0.046,0.016
5.192,5.182,-0.082,0.011
5.192,5.183,0.097,0.011
5.192,5.183,0.017,0.003
5.192,5.182,-0.055,0.002
5.192,5.182,-0.056,0.009
5.192,5.183,0.056,0.015
5.192,5.182,-0.104,0.017
5.192,5.183,0.007,-0.001
5.192,5.183,0.141,0.004
5.192,5.183,0.016,0.01
5.192,5.182,-0.125,0.007
5.192,5.182,-0.077,0.009
5.192,5.182,-0.057,0.011
5.192,5.182,-0.06,0.012
5.192,5.182,-0.068,0.007
5.192,5.182,-0.082,0.011
5.192,5.183,0.02,0.016
5.192,5.182,-0.124,0.02
5.192,5.183,0.009,0.013
5.192,5.183,0.086,0.016
5.192,5.182,-0.04,0.014
5.192,5.183,0.075,0.009
5.192,5.183,0.053,0.026
5.192,5.183,-0.01,0.019
5.192,5.182,-0.028,0.012
5.192,5.183,0.024,0.015
5.192,5.183,0.08,0.009
5.192,5.183,0.004,0.005
5.192,5.183,-0.004,0.006
5.192,5.183,-0.014,0.015
5.192,5.184,0.155,0.021
5.192,5.182,-0.077,0.013
5.192,5.183,0.055,0.025
5.192,5.183,0.158,0.007
5.192,5.183,0.061,0.019
5.192,5.183,0.056,0.003
5.192,5.183,-0.025,0.008
5.192,5.183,0.057,0.017
5.192,5.183,0.02,0.006
5.192,5.183,-0.015,0.007
5.192,5.183,0.02,0.007
5.192,5.183,-0.051,0.02
5.192,5.182,-0.111,0.012
5.192,5.183,0.037,0.015
5.192,5.183,-0.034,0.006
5.192,5.183,-0.002,0.013
5.192,5.183,0,0.003
5.192,5.183,-0.027,0.023
5.192,5.183,0.059,0.007
5.192,5.183,-0.028,0.014
5.192,5.182,-0.093,0.018
5.192,5.183,0.044,0.008
5.192,5.182,-0.094,0.012
5.192,5.183,0,0.01
5.192,5.183,0.088,0.01
5.192,5.181,-0.209,0.02
5.192,5.183,0.099,0.01
5.192,5.183,0.084,0.011
5.192,5.183,0.019,0.018
5.192,5.183,0.034,0.014
5.192,5.183,0.097,0.012
5.192,5.183,0.077,0.015
5.192,5.183,0.013,0.024
5.192,5.183,0.006,0.005
5.192,5.184,0.14,0.015
5.192,5.182,-0.169,0.018
5.192,5.183,0.089,0.01
5.192,5.183,0.008,0.028
5.192,5.183,0.095,0.008
5.192,5.183,-0.024,0.016
5.192,5.182,-0.143,0.014
5.192,5.183,0.022,0.016
5.192,5.182,-0.12,0.018
5.192,5.182,-0.089,0.013
5.192,5.183,0.107,0.008
5.192,5.183,-0.052,0.015
5.192,5.182,-0.121,0.014
5.192,5.183,0.066,0.011
5.192,5.183,-0.002,0.017
5.192,5.183,-0.007,0.014
5.192,5.183,0.007,0.022
5.192,5.184,0.12,0.015
5.192,5.182,-0.139,0.011
5.192,5.183,0.009,0.013
5.192,5.183,0.003,0.025
5.192,5.183,-0.038,0.018
5.192,5.183,0.075,0.021
5.192,5.183,0.004,0.009
5.192,5.183,0.007,0.018
5.192,5.183,-0.004,0.007
5.192,5.183,-0.01,0.011
5.192,5.183,-0.004,0.013
5.192,5.183,0.058,0.01
5.192,5.183,0.069,0.008
5.192,5.183,0.079,0.019
5.192,5.183,-0.056,0.003
5.192,5.182,-0.114,0.016
5.192,5.181,-0.223,0.016
5.192,5.183,-0.024,0.015
5.192,5.182,-0.076,0.013
5.192,5.183,-0.024,0.013
5.192,5.183,0.099,0.025
5.192,5.183,0.046,-0.003
5.192,5.183,-0.03,0.013
5.192,5.183,-0.037,0.012
5.192,5.183,0.091,0.005
5.192,5.183,0.041,0.011
5.192,5.183,0.033,0.006
5.192,5.183,0.061,0.018
5.192,5.182,-0.066,-0.004
5.192,5.183,0.031,0.022
5.192,5.183,0.057,0.011
5.192,5.183,0.035,0.009
5.192,5.183,-0.026,0.019
5.192,5.183,0.076,0.007
5.192,5.182,-0.079,0.016
5.192,5.182,-0.093,0.01
5.192,5.183,0.005,0.009
5.192,5.183,-0.066,0.015
5.192,5.183,0.015,0.013
5.192,5.183,-0.008,0.014
5.192,5.183,0.01,0.015
5.192,5.183,-0.006,0
5.192,5.183,0.005,0.016
5.192,5.183,0.035,0.017
5.192,5.183,-0.063,0.021
5.192,5.183,-0.002,0.006
5.192,5.183,0.001,0.015
5.192,5.183,0.011,0.007
5.192,5.183,0.095,0.011
5.192,5.183,-0.029,0.015
5.192,5.183,-0.051,0.015
5.192,5.183,-0.037,0.01
5.192,5.182,-0.101,0.006
5.192,5.183,-0.01,0.005
5.192,5.183,0.025,0.018
5.192,5.183,0.092,0.01
5.192,5.182,-0.174,0.014
5.192,5.184,0.137,0.009
5.192,5.182,-0.114,-0.003
5.192,5.183,0.018,0.011
5.192,5.183,-0.03,0.014
5.192,5.183,0.076,0.009
5.192,5.182,-0.13,0.009
5.192,5.182,-0.061,0.003
5.192,5.183,0.055,0.016
5.192,5.183,-0.008,0.008
5.192,5.183,-0.014,0.01
5.192,5.182,-0.083,0.005
5.192,5.183,0.027,0.004
5.192,5.183,0.038,0.01
5.192,5.183,0.03,0.007
5.192,5.183,0.082,0.006
5.192,5.183,0.012,0.008
5.192,5.183,0.007,0.013
5.192,5.184,0.129,0.009
5.192,5.183,-0.045,0.01
5.192,5.183,-0.058,0.025
5.192,5.183,0.039,0.01
5.192,5.183,-0.042,0.018
5.192,5.183,0.057,0.027
5.192,5.183,-0.023,0.012
5.192,5.183,0.09,-0.001
5.192,5.183,-0.02,0.004
5.192,5.183,-0.018,0.011
5.192,5.183,0.044,0.015
5.192,5.182,-0.139,0.01
5.192,5.183,-0.03,0.017
5.192,5.183,0.093,0.008
5.192,5.183,-0.035,0.012
5.192,5.183,-0.015,0.006
5.192,5.184,0.144,0.018
5.192,5.183,-0.027,0.007
5.192,5.183,-0.034,0
5.192,5.183,-0.032,0.013
5.192,5.183,-0.032,0.002
5.192,5.183,-0.048,0.013
5.192,5.182,-0.115,0.008
5.192,5.183,-0.023,0.016
5.192,5.183,-0.022,0.009
5.192,5.183,0.1,0.007
5.192,5.183,0.051,0.013
5.192,5.183,0.055,0.002
5.192,5.183,0.029,0.024
5.192,5.183,0.094,0.011
5.192,5.183,0.032,0.014
5.192,5.183,0.041,-0.001
5.192,5.183,0.023,0.007
5.192,5.182,-0.09,0.004
5.192,5.182,-0.111,0.005
5.192,5.183,0.074,0.012
5.192,5.183,-0.034,0.004
5.192,5.183,-0.021,0.007
5.192,5.183,-0.016,0.005
5.192,5.184,0.116,0.013
5.192,5.183,-0.006,0.007
5.192,5.183,0.005,0.006
5.192,5.182,-0.119,0.01
5.192,5.183,-0.001,0.01
5.192,5.183,-0.075,0.004
5.192,5.184,0.125,0.006
5.192,5.183,0.06,0.016
5.192,5.184,0.117,0.018
5.192,5.183,0.063,0.009
5.192,5.183,-0.06,0.007
5.192,5.183,-0.081,0.003
5.192,5.183,0.048,0.018
5.192,5.183,-0.018,0.008
5.192,5.183,-0.115,0.007
5.192,5.183,-0.109,0.008
5.192,5.184,0.095,0
5.192,5.184,0.13,0.016
5.192,5.183,-0.09,0.016
5.192,5.184,0.146,0.015
5.192,5.183,-0.038,0.006
5.192,5.183,-0.027,0.015
5.192,5.183,-0.078,0.017
5.192,5.183,-0.032,0.023
5.192,5.183,-0.011,0.001
5.192,5.183,-0.029,0.007
5.192,5.183,-0.071,0.009
5.192,5.183,0.052,0.01
5.192,5.183,0.042,0.012
5.192,5.183,-0.022,0.006
5.192,5.183,0.021,0.013
5.192,5.183,-0.046,0.011
5.192,5.182,-0.117,0.007
5.192,5.183,0.07,0.008
5.192,5.184,0.122,0.009
5.192,5.183,0.049,0.018
5.192,5.183,0.054,0.013
5.192,5.184,0.1,0.018
5.192,5.184,0.116,0.008
5.192,5.183,0.059,0.018
5.192,5.183,-0.006,0.017
5.192,5.184,0.158,0.01
5.192,5.183,-0.049,0.019
5.192,5.184,0.131,0.013
5.192,5.183,-0.059,0.017
5.192,5.183,0.079,0.013
5.192,5.183,0.057,-0.001
5.192,5.182,-0.114,0.021
5.192,5.183,0.088,0.007
5.192,5.184,0.119,0.018
5.192,5.183,-0.069,0.006
5.192,5.184,0.125,0.005
5.192,5.183,0.036,0.014
5.192,5.184,0.107,0.009
5.192,5.184,0.101,0.008
5.192,5.183,-0.028,0.018
5.192,5.183,0.055,0.01
5.192,5.184,0.165,0.011
5.192,5.183,-0.082,0.01
5.192,5.183,0.054,0.016
5.192,5.183,0.056,0.012
5.192,5.183,0.062,0.005
5.192,5.183,-0.043,0.014
5.192,5.184,0.088,0.018
5.192,5.184,0.094,0.001
5.192,5.184,0.113,0.009
5.192,5.183,-0.044,0.013
5.192,5.184,0.103,0.013
5.192,5.183,-0.01,0.014
5.192,5.183,0.042,0.004
5.192,5.182,-0.134,0.016
5.192,5.183,0.046,0.011
5.192,5.183,0.003,0.008
5.192,5.183,0.012,0.015
5.192,5.184,0.067,0.013
5.192,5.184,0.075,0.012
5.192,5.182,-0.157,0.018
5.192,5.183,0.027,0.014
5.192,5.183,-0.022,0.014
5.192,5.183,0.055,0.02
5.192,5.183,-0.004,0.005
5.192,5.183,0.052,0.016
5.192,5.183,-0.011,0.008
5.192,5.183,-0.037,0.008
5.192,5.184,0.096,0.016
5.192,5.183,-0.014,0.017
5.192,5.182,-0.128,0.01
5.192,5.183,0.038,0.009
5.192,5.183,-0.027,0.011
5.192,5.183,0.034,0.019
5.192,5.183,0.05,0.023
5.192,5.183,0.048,0.004
5.192,5.184,0.156,0.012
5.192,5.184,0.094,0.014
5.192,5.183,0.041,0.008
5.192,5.184,0.093,0.012
5.192,5.183,-0.094,0.01
5.192,5.183,-0.014,0.011
5.192,5.183,0.045,0.015
5.192,5.183,-0.01,-0.002
5.192,5.183,0.032,0.006
5.192,5.184,0.09,0.014
5.192,5.183,0.017,0.011
5.192,5.183,-0.03,0.013
5.192,5.183,-0.028,0.021
5.192,5.182,-0.111,0.021
5.192,5.182,-0.122,0.028
5.192,5.183,-0.055,0.023
5.192,5.183,0.097,0.007
5.192,5.183,0.023,0.015
5.192,5.183,0.001,0.011
5.192,5.183,0.005,0.013
5.192,5.183,0.008,0.01
5.192,5.184,0.131,-0.005
5.192,5.183,0.05,0.012
5.192,5.183,0.03,0.015
5.192,5.183,-0.106,0.014
5.192,5.184,0.152,0.018
5.192,5.183,-0.031,0.009
5.192,5.183,-0.081,0.015
5.192,5.183,0.056,0.011
5.192,5.184,0.094,0.023
5.192,5.184,0.215,0.012
5.192,5.184,0.129,0.011
5.192,5.183,0.045,0.022
5.192,5.183,-0.018,0.009
5.192,5.182,-0.129,0.007
5.192,5.182,-0.127,0.015
5.192,5.183,0.007,0.014
5.192,5.183,0.003,0.006
5.192,5.183,-0.017,0.008
5.192,5.183,-0.063,0.013
5.192,5.183,0.047,0.013
5.192,5.183,-0.089,0.013
5.192,5.183,-0.053,0.02
5.192,5.183,0.103,0.019
5.192,5.183,-0.037,0.017
5.192,5.182,-0.13,0.014
5.192,5.183,0.127,0.016
5.192,5.183,0,0.016
5.192,5.182,-0.035,0.003
5.192,5.182,-0.045,0.019
5.192,5.182,-0.119,0.022
5.192,5.182,-0.118,0.014
5.192,5.182,-0.057,0.004
5.192,5.183,0.003,0.01
5.192,5.182,-0.115,0.002
5.192,5.182,-0.068,0.006
5.192,5.181,-0.188,0.003
5.192,5.182,-0.123,0.018
5.192,5.184,0.177,0.016
5.192,5.183,-0.006,0.012
5.192,5.183,0.042,0.015
5.192,5.183,0.116,0.01
5.192,5.183,0.044,0.022
5.192,5.182,-0.074,0.006
5.192,5.183,0.034,0.019
5.192,5.183,0.061,0.017
5.192,5.183,-0.018,0.007
5.192,5.182,-0.099,0.013
5.192,5.183,0.102,0.026
5.192,5.183,0.023,0.018
5.192,5.183,0.039,0.017
5.192,5.183,0,0.007
5.192,5.183,-0.031,0.007
5.192,5.181,-0.209,0.007
5.192,5.183,-0.049,0.015
5.192,5.183,-0.032,0.006
5.192,5.183,-0.057,0.008
5.192,5.182,-0.177,0.013
5.192,5.183,0.055,0.012
5.192,5.183,-0.005,0.013
5.192,5.183,0.061,0.018
5.192,5.183,-0.068,0.011
5.192,5.183,-0.012,0.019
5.192,5.183,0.059,0.003
5.192,5.183,-0.018,0.019
5.192,5.182,-0.12,0.028
5.192,5.183,-0.025,0.008
5.192,5.182,-0.094,0.017
5.192,5.182,-0.071,0.02
5.192,5.183,0.042,0.013
5.192,5.183,0.042,0.01
5.192,5.183,-0.009,0.009
5.192,5.183,0.054,0.012
5.192,5.183,-0.012,0.022
5.192,5.183,0.011,0.018
5.192,5.183,0.002,0.009
5.192,5.184,0.1,0.019
5.192,5.183,0.055,0.018
5.192,5.183,-0.017,0.022
5.192,5.183,0.037,0.018
5.192,5.183,-0.057,0.013
5.192,5.183,0.013,0.014
5.192,5.182,-0.153,0.012
5.192,5.183,-0.036,0.003
5.192,5.184,0.139,0.018
5.192,5.184,0.121,0.009
5.192,5.183,-0.068,0.018
5.192,5.183,0.015,0.01
5.192,5.183,-0.048,0.02
100,5.184,0.131,0.019
100,5.184,0.08,0.043
100,5.189,0.419,0.11
100,5.205,1.529,0.199
100,5.236,2.951,0.368
100,5.318,7.982,0.559
100,5.523,19.707,0.652
100,5.95,39.872,0.449
100,6.515,53.742,0.152
100,7.143,61.52,0.143
100,7.778,62.934,0.066
100,8.378,60.251,-0.016
100,8.937,56.45,0.047
100,9.447,51.821,0.113
100,9.966,52.732,0.263
100,10.568,60.356,0.353
100,11.299,72.016,0.401
100,12.186,86.501,0.334
100,13.165,95.784,0.288
100,14.222,103.994,0.209
100,15.302,107.981,0.006
100,16.374,107.341,-0.071
100,17.438,106.213,0.118
100,18.51,106.875,0.17
100,19.601,108.961,0.23
100,20.741,113.785,0.269
100,21.987,123.408,0.42
100,23.346,133.868,0.326
100,24.802,144.051,0.307
100,26.318,150.351,0.174
100,27.89,156.819,0.03
100,29.453,156.995,0.193
100,31.031,158.136,0.195
100,32.611,158.122,0.154
100,34.225,160.97,0.185
100,35.899,167.043,0.319
100,37.655,175.707,0.343
100,39.484,182.613,0.366
100,41.41,190.988,0.19
100,43.412,198.514,0.224
100,45.483,205.792,0.285
100,47.563,208.431,0.241
100,49.649,208.955,-0.004
100,51.745,208.806,0.295
100,53.867,210.932,0.211
100,56.054,217.714,0.189
100,58.234,218.349,0.186
100,60.386,215.218,-0.243
100,62.456,207.471,-0.032
100,64.419,197.357,-0.018
100,66.231,183.773,-0.014
100,67.938,172.741,0.094
100,69.6,166.548,0.147
100,71.232,163.029,0.073
100,72.879,164.371,-0.066
100,74.526,165.859,0.005
100,76.179,165.106,0.103
100,77.796,161.638,0.057
100,79.356,154.85,-0.088
100,80.802,145.393,-0.097
100,82.155,135.939,-0.003
100,83.395,125.832,0.052
100,84.575,119.384,-0.239
100,85.711,114.765,0.129
100,86.845,113.341,0.173
100,88.007,115.91,0.007
100,89.137,114.193,0.024
100,90.23,109.945,0.039
100,91.264,103.528,-0.01
100,92.209,95.198,-0.034
100,93.064,86.559,-0.033
100,93.837,78.605,-0.012
100,94.528,70.274,0
100,95.172,65.29,0.072
100,95.796,62.542,0.092
100,96.418,62.603,0.085
100,97.038,62.309,0.096
100,97.63,59.595,0.039
100,98.18,54.992,-0.032
100,98.665,48.596,-0.012
100,99.072,41.428,-0.08
100,99.37,31.787,-0.086
100,99.59,22.267,-0.06
100,99.639,6.914,0.071
100,99.608,-1.068,0.194
100,99.606,0.253,0.288
100,99.645,3.476,0.324
100,99.717,6.91,0.279
100,99.9,17.149,0.04
100,100.101,18.439,0.035
100,100.193,9.759,-0.054
100,100.176,-0.351,-0.088
100,100.074,-9.087,-0.001
100,99.943,-12.439,0.015
100,99.877,-6.368,0.054
100,99.931,3.619,0.04
100,99.988,4.833,0.056
100,99.98,-0.275,0.048
100,99.963,-1.228,0.028
100,99.969,0.361,0.035
100,99.967,-0.224,0.048
100,99.968,0.081,0.031
100,99.967,-0.116,0.032
100,99.968,0.151,0.03
100,99.967,-0.078,0.031
100,99.968,0.142,0.04
100,99.968,0.139,0.044
100,99.968,0.017,0.029
100,99.967,-0.035,0.051
100,99.967,-0.036,0.041
100,99.967,-0.093,0.036
100,99.968,0.03,0.033
100,99.967,-0.091,0.041
100,99.967,-0.045,0.027
100,99.967,-0.082,0.041
100,99.968,0.01,0.048
100,99.967,-0.04,0.031
100,99.966,-0.167,0.03
100,99.968,0.096,0.034
100,99.966,-0.184,0.036
100,99.968,0.034,0.021
100,99.968,0.087,0.033
100,99.967,-0.093,0.041
100,99.968,0.01,0.039
100,99.967,-0.045,0.031
100,99.967,-0.036,0.027
100,99.968,0.005,0.034
100,99.967,-0.096,0.029
100,99.967,-0.045,0.032
100,99.968,0.005,0.052
100,99.968,0.087,0.046
100,99.968,0.038,0.031
100,99.966,-0.14,0.032
100,99.968,0.02,0.033
100,99.967,-0.032,0.024
100,99.968,0.16,0.026
100,99.967,-0.028,0.036
100,99.966,-0.15,0.041
100,99.968,0.043,0.033
100,99.968,0.093,0.042
100,99.968,0.016,0.039
100,99.967,-0.006,0.051
100,99.967,-0.012,0.039
100,99.967,-0.07,0.043
100,99.968,0.082,0.025
100,99.968,0.064,0.042
100,99.967,0.002,0.048
100,99.968,0.066,0.054
100,99.968,0.05,0.037
100,99.968,0.058,0.031
100,99.966,-0.125,0.045
100,99.968,0.063,0.043
100,99.968,0.064,0.047
100,99.968,0.057,0.028
100,99.967,-0.072,0.038
100,99.967,-0.06,0.05
100,99.967,-0.06,0.039
100,99.968,0.117,0.022
100,99.968,0.022,0.033
100,99.968,0.004,0.06
100,99.968,0.049,0.046
100,99.966,-0.144,0.037
100,99.967,-0.048,0.035
100,99.968,0.137,0.038
100,99.967,0.018,0.032
100,99.968,0.069,0.041
100,99.968,0.105,0.024
100,99.968,0.034,0.043
100,99.968,0.139,0.053
100,99.967,-0.079,0.043
100,99.968,0.023,0.04
100,99.967,-0.012,0.039
100,99.968,0.035,0.032
100,99.968,0.05,0.038
100,99.968,0.03,0.027
100,99.967,-0.031,0.04
100,99.968,0.058,0.028
100,99.966,-0.207,0.037
100,99.967,-0.013,0.039
100,99.968,0.115,0.044
100,99.968,0.06,0.041
100,99.967,-0.075,0.039
100,99.968,0.054,0.027
100,99.968,0.097,0.034
100,99.968,0.131,0.028
100,99.968,0.043,0.05
100,99.967,-0.062,0.04
100,99.968,0.173,0.05
100,99.967,0.009,0.039
100,99.967,-0.021,0.035
100,99.968,0.038,0.045
100,99.967,0.007,0.035
100,99.968,0.057,0.045
100,99.967,-0.045,0.051
100,99.967,-0.052,0.035
100,99.967,-0.037,0.055
100,99.967,-0.027,0.029
100,99.966,-0.091,0.033
100,99.967,0.018,0.043
100,99.967,-0.038,0.039
100,99.966,-0.124,0.031
100,99.967,-0.062,0.034
100,99.967,-0.063,0.033
100,99.968,0.179,0.025
100,99.968,0.034,0.05
100,99.967,-0.001,0.045
100,99.967,-0.033,0.038
100,99.968,0.037,0.038
100,99.967,-0.019,0.037
100,99.967,-0.083,0.03
100,99.968,0.034,0.044
100,99.968,0.164,0.052
100,99.967,-0.059,0.039
100,99.966,-0.096,0.039
100,99.967,-0.05,0.027
100,99.966,-0.1,0.034
100,99.967,-0.022,0.042
100,99.967,-0.022,0.027
100,99.967,0.046,0.045
100,99.966,-0.115,0.027
100,99.967,0.042,0.025
100,99.966,-0.151,0.039
100,99.967,-0.021,0.04
100,99.966,-0.13,0.021
100,99.966,-0.059,0.036
100,99.966,-0.048,0.028
100,99.967,0.049,0.036
100,99.966,-0.122,0.039
100,99.967,0.038,0.033
100,99.966,-0.11,0.023
100,99.967,0.037,0.036
100,99.966,-0.061,0.029
100,99.966,-0.092,0.025
100,99.967,0.031,0.033
100,99.967,-0.05,0.046
100,99.966,-0.22,0.041
100,99.967,-0.042,0.041
100,99.967,0.031,0.048
100,99.968,0.197,0.028
100,99.967,0.053,0.035
100,99.967,-0.015,0.036
100,99.968,0.1,0.039
100,99.967,0.027,0.035
100,99.966,-0.13,0.038
100,99.967,0.047,0.034
100,99.966,-0.085,0.032
100,99.968,0.084,0.024
100,99.966,-0.09,0.031
100,99.966,-0.11,0.036
100,99.968,0.084,0.037
100,99.967,-0.037,0.039
100,99.967,-0.002,0.043
100,99.966,-0.104,0.032
100,99.966,-0.091,0.041
100,99.967,0.029,0.036
100,99.968,0.097,0.039
100,99.967,0.027,0.043
100,99.968,0.108,0.032
100,99.967,-0.045,0.051
100,99.968,0.083,0.03
100,99.967,0.019,0.028
100,99.967,0.012,0.034
100,99.968,0.06,0.049
100,99.967,0.032,0.033
100,99.967,0.045,0.017
100,99.968,0.098,0.032
100,99.966,-0.094,0.027
100,99.967,0.008,0.038
100,99.966,-0.068,0.033
100,99.967,0.024,0.027
100,99.967,-0.043,0.043
100,99.967,0.007,0.059
100,99.967,-0.04,0.039
100,99.967,-0.024,0.029
100,99.968,0.158,0.034
100,99.967,-0.047,0.044
100,99.967,0.057,0.034
100,99.967,-0.052,0.028
100,99.967,-0.037,0.03
100,99.968,0.069,0.028
100,99.967,0.024,0.048
100,99.967,0.039,0.023
100,99.966,-0.099,0.032
100,99.967,0.011,0.038
100,99.967,-0.034,0.045
100,99.968,0.085,0.03
100,99.968,0.051,0.041
100,99.967,0.003,0.023
100,99.967,-0.025,0.037
100,99.968,0.036,0.029
100,99.968,0.098,0.03
100,99.968,0.12,0.042
100,99.967,-0.074,0.043
100,99.968,0.038,0.031
100,99.968,0.066,0.029
100,99.968,0.033,0.032
100,99.968,0.023,0.038
100,99.967,-0.102,0.038
100,99.968,0.047,0.034
100,99.966,-0.144,0.038
100,99.967,-0.001,0.04
100,99.968,0.075,0.038
100,99.968,0.115,0.037
100,99.967,-0.07,0.037
100,99.968,0.058,0.032
100,99.966,-0.162,0.044
100,99.968,0.085,0.036
100,99.966,-0.238,0.035
100,99.966,-0.167,0.029
100,99.967,0.005,0.032
100,99.967,0.008,0.039
100,99.967,0.019,0.033
100,99.966,-0.11,0.038
100,99.966,-0.106,0.033
100,99.967,-0.064,0.042
100,99.967,-0.068,0.018
100,99.968,0.101,0.037
100,99.967,-0.026,0.035
100,99.968,0.052,0.028
100,99.968,0.035,0.027
100,99.968,0.039,0.053
100,99.966,-0.106,0.037
100,99.968,0.144,0.033
100,99.967,-0.053,0.024
100,99.968,0.057,0.028
100,99.968,0.161,0.042
100,99.968,0.046,0.032
100,99.967,-0.046,0.026
100,99.968,0.092,0.038
100,99.966,-0.161,0.039
100,99.968,-0.005,0.027
100,99.967,-0.091,0.028
100,99.968,0.004,0.024
100,99.968,-0.001,0.042
100,99.968,0.022,0.028
100,99.968,0.012,0.028
100,99.968,0.013,0.024
100,99.968,0.007,0.029
100,99.968,-0.026,0.031
100,99.969,0.18,0.046
100,99.968,0.013,0.044
100,99.966,-0.163,0.042
100,99.966,-0.161,0.033
100,99.968,0.098,0.027
100,99.968,0.052,0.033
100,99.967,-0.035,0.04
100,99.967,-0.007,0.041
100,99.967,-0.005,0.053
100,99.968,0.123,0.035
100,99.967,-0.005,0.032
100,99.967,-0.001,0.043
100,99.967,-0.054,0.041
100,99.968,0.119,0.039
100,99.968,0.083,0.028
100,99.968,0.034,0.051
100,99.968,0.072,0.025
100,99.968,0.17,0.036
100,99.968,0.066,0.048
100,99.966,-0.141,0.037
100,99.967,0.016,0.039
100,99.967,-0.048,0.03
100,99.967,0.018,0.043
100,99.967,-0.037,0.042
100,99.967,0.001,0.047
100,99.967,-0.008,0.038
100,99.967,-0.008,0.033
100,99.967,-0.066,0.034
100,99.967,0.025,0.027
100,99.968,0.094,0.039
100,99.967,0.009,0.032
100,99.966,-0.117,0.032
100,99.967,-0.062,0.038
100,99.968,0.208,0.043
100,99.967,0.014,0.033
100,99.968,0.128,0.048
100,99.967,-0.004,0.039
100,99.968,0.046,0.037
100,99.968,0.115,0.039
100,99.967,-0.054,0.029
100,99.967,-0.064,0.034
100,99.968,0.097,0.043
100,99.968,0.092,0.023
100,99.967,-0.044,0.038
100,99.968,0.056,0.045
100,99.968,0.111,0.028
100,99.967,-0.073,0.042
100,99.967,-0.005,0.045
100,99.967,-0.062,0.034
100,99.966,-0.177,0.033
100,99.968,0.169,0.039
100,99.968,0.037,0.038
100,99.968,0.053,0.04
100,99.968,0.034,0.042
100,99.967,-0.086,0.027
100,99.967,-0.034,0.034
100,99.968,0.025,0.043
100,99.967,-0.051,0.061
100,99.966,-0.099,0.038
100,99.966,-0.092,0.042
100,99.967,-0.036,0.044
100,99.968,0.065,0.04
100,99.968,0.126,0.036
100,99.968,0.034,0.056
100,99.967,-0.03,0.041
100,99.968,0.045,0.036
100,99.967,-0.02,0.045
100,99.967,-0.03,0.038
100,99.968,0.045,0.027
100,99.968,0.058,0.051
100,99.967,-0.081,0.046
100,99.968,-0.017,0.036
100,99.967,-0.146,0.021
100,99.968,0.057,0.053
100,99.968,0.001,0.034
100,99.968,0.058,0.037
100,99.968,0.072,0.031
100,99.967,-0.053,0.035
100,99.967,-0.067,0.052
100,99.968,0.043,0.038
100,99.968,0.103,0.042
100,99.967,-0.139,0.047
100,99.966,-0.194,0.057
100,99.967,-0.028,0.026
100,99.967,-0.044,0.044
100,99.968,0.06,0.05
100,99.967,-0.116,0.043
100,99.968,0.121,0.028
100,99.968,0.002,0.038
100,99.968,0.049,0.042
100,99.968,0.016,0.047
100,99.968,-0.014,0.044
100,99.968,0.008,0.043
100,99.967,-0.062,0.036
100,99.968,0.023,0.038
100,99.967,-0.112,0.036
100,99.967,-0.106,0.025
100,99.968,0.091,0.023
100,99.968,0.104,0.025
100,99.967,-0.109,0.03
100,99.968,0.013,0.04
100,99.967,-0.089,0.036
100,99.966,-0.143,0.032
100,99.967,-0.048,0.049
100,99.968,0.05,0.047
100,99.966,-0.153,0.032
100,99.967,-0.067,0.042
100,99.967,-0.058,0.042
100,99.967,-0.073,0.045
100,99.967,0.001,0.031
100,99.968,0.037,0.037
100,99.967,-0.074,0.045
100,99.967,-0.015,0.046
100,99.966,-0.192,0.036
100,99.967,-0.088,0.057
100,99.968,0.044,0.031
100,99.968,0.053,0.043
100,99.968,0.058,0.035
100,99.968,0.131,0.037
500,99.967,-0.002,0.044
500,99.966,-0.161,0.073
500,99.971,0.337,0.134
500,99.985,1.339,0.217
500,100.027,4.164,0.431
500,100.15,11.693,0.48
500,100.422,26.336,0.344
500,100.844,39.714,0.373
500,101.376,51.107,0.2
500,101.962,57.032,0.139
500,102.543,57.923,0.031
500,103.114,57.315,0.066
500,103.649,53.92,0.09
500,104.172,52.599,0.086
500,104.737,56.718,0.309
500,105.386,64.7,0.346
500,106.157,76.129,0.284
500,107.038,86.428,0.16
500,107.996,94.457,0.198
500,109.008,100.643,0.204
500,110.05,103.742,0.174
500,111.099,104.782,0.148
500,112.161,105.981,0.162
500,113.245,107.545,0.185
500,114.364,111.964,0.215
500,115.535,117.479,0.284
500,116.794,125.018,0.302
500,118.14,133.294,0.324
500,119.581,141.881,0.056
500,121.078,148.818,0.228
500,122.607,152.605,0.214
500,124.149,154.119,0.134
500,125.717,156.308,0.042
500,127.292,156.927,0.275
500,128.928,162.886,0.324
500,130.611,168.298,0.346
500,132.39,176.461,0.346
500,134.242,183.562,0.32
500,136.176,190.553,0.344
500,138.158,196.763,0.286
500,140.193,202.528,-0.06
500,142.238,204.594,0.188
500,144.313,207.774,0.225
500,146.401,208.566,-0.032
500,148.53,211.353,0.278
500,150.742,220.461,0.372
500,152.998,225.892,0.388
500,155.336,232.764,-0.092
500,157.752,239.508,0.372
500,160.241,247.888,0.302
500,162.748,251.794,-0.044
500,165.291,254.353,0.067
500,167.874,257.436,-0.032
500,170.48,259.276,0.304
500,173.14,265.675,0.324
500,175.825,269.908,0.388
500,178.58,276.293,0.412
500,181.405,281.914,0.188
500,184.301,286.875,0.093
500,187.28,296.546,0.376
500,190.29,301.094,0.396
500,193.342,304.528,0.19
500,196.441,308.295,0.333
500,199.561,309.575,0.089
500,202.737,315.989,0.39
500,205.919,318.75,0.238
500,209.154,323.019,0.297
500,212.463,328.951,0.477
500,215.879,340.037,0.358
500,219.335,343.205,0.067
500,222.878,353.386,0.069
500,226.44,358.052,-0.033
500,230.044,360.19,-0.085
500,233.68,362.529,0.147
500,237.343,363.863,0.21
500,241.088,372.484,0.246
500,244.835,375.948,0.368
500,248.616,378.567,0.419
500,252.474,384.219,0.122
500,256.408,392.809,0.531
500,260.392,400.14,-0.411
500,264.424,404.338,0.491
500,268.552,411.62,0.133
500,272.74,416.38,0.381
500,276.951,420.987,0.387
500,281.162,423.006,-0.003
500,285.424,426.542,0.214
500,289.702,427.23,0.409
500,294.025,429.431,0.4
500,298.438,439.667,0.541
500,302.926,449.766,0.126
500,307.476,455.407,0.295
500,312.039,454.607,0.17
500,316.53,447.01,-0.222
500,320.914,439.058,-0.323
500,325.097,421.529,-0.563
500,329.106,402.946,-0.08
500,332.994,390.762,0.066
500,336.856,385.592,0.222
500,340.795,392.932,0.507
500,344.799,399.536,-0.263
500,348.83,404.136,0.399
500,352.903,407.39,0.008
500,356.92,401.089,-0.091
500,360.789,386.323,-0.108
500,364.487,372.074,-0.38
500,367.973,353.241,0.047
500,371.356,341.103,0.238
500,374.73,337.603,0.268
500,378.143,340.301,0.176
500,381.652,349.674,-0.04
500,385.197,354.509,0.018
500,388.749,354.89,-0.252
500,392.241,348.705,-0.193
500,395.602,337.996,-0.13
500,398.758,320.323,-0.403
500,401.782,305.6,0.108
500,404.724,296.229,0.303
500,407.656,293.57,0.048
500,410.655,299.007,0.274
500,413.652,300.631,0.398
500,416.66,300.738,-0.058
500,419.633,296.619,0.076
500,422.543,289.961,0.028
500,425.36,281.992,0.002
500,428.032,269.917,-0.039
500,430.6,258.58,0.089
500,433.109,252.101,0.167
500,435.588,247.245,-0.031
500,438.091,249.765,0.025
500,440.58,249.619,0.215
500,443.089,249.498,0.182
500,445.541,245.897,-0.067
500,447.913,237.578,-0.072
500,450.192,227.615,0.024
500,452.407,222.547,0.062
500,454.49,210.755,0.016
500,456.523,204.033,0.171
500,458.521,200.2,0.184
500,460.496,197.195,-0.188
500,462.483,198.138,-0.069
500,464.451,197.759,0.106
500,466.382,193.415,0.048
500,468.238,185.915,0.058
500,470.016,178.707,0.059
500,471.706,170.191,0.062
500,473.316,162.155,-0.047
500,474.874,156.273,-0.174
500,476.388,151.542,0.158
500,477.905,151.209,0.099
500,479.379,148.195,-0.181
500,480.832,145.334,0.089
500,482.236,140.528,-0.118
500,483.596,135.752,0.012
500,484.884,129.694,-0.18
500,486.076,120.732,0.018
500,487.202,113.023,0.009
500,488.264,106.711,0.041
500,489.291,103.595,-0.026
500,490.283,100.016,-0.077
500,491.247,97.511,0.014
500,492.18,93.876,0.037
500,493.088,90.412,0.001
500,493.949,85.607,-0.039
500,494.742,80.002,-0.085
500,495.46,73.247,-0.022
500,496.102,65.3,-0.007
500,496.673,57.674,-0.01
500,497.182,51.494,0.06
500,497.657,47.578,0.066
500,498.095,44.547,0.089
500,498.514,42.828,0.038
500,498.913,40.731,0.067
500,499.289,37.395,0.008
500,499.625,33.926,0.021
500,499.894,27.947,-0.036
500,500.106,21.306,-0.098
500,500.17,7.502,-0.078
500,500.104,-4.278,-0.018
500,500.035,-6.184,0.031
500,500.004,-3.041,0.022
500,500.012,0.175,-0.006
500,500.01,-0.277,-0.005
500,500.01,-0.005,0.001
500,500.011,0.001,-0.001
500,500.011,0.107,-0.007
500,500.01,-0.057,-0.001
500,500.011,-0.003,-0.01
500,500.011,0.114,-0.01
500,500.011,0.032,-0.004
500,500.011,-0.022,-0.002
500,500.011,-0.019,0.003
500,500.009,-0.215,-0.008
500,500.011,0.026,-0.015
500,500.011,0.01,-0.005
500,500.011,0.007,0
500,500.01,-0.054,0.001
500,500.01,-0.005,-0.002
500,500.01,-0.025,-0.011
500,500.01,-0.038,0
500,500.01,-0.089,0.002
500,500.011,0.077,-0.001
500,500.01,-0.124,-0.003
500,500.011,-0.01,0.007
500,500.01,-0.04,0
500,500.01,-0.057,0.003
500,500.011,0.006,-0.011
500,500.011,0.134,-0.002
500,500.011,0.092,-0.007
500,500.01,-0.094,-0.006
500,500.01,-0.022,-0.002
500,500.01,-0.027,-0.002
500,500.011,0.015,0
500,500.01,-0.041,-0.001
500,500.011,0.143,-0.001
500,500.01,-0.033,-0.008
500,500.01,-0.038,-0.003
500,500.01,-0.079,-0.011
500,500.011,0.094,-0.009
500,500.01,-0.033,0
500,500.01,-0.029,0.001
500,500.011,0.155,-0.005
500,500.011,0.097,-0.005
500,500.01,-0.072,-0.007
500,500.011,0.085,-0.005
500,500.011,0.043,-0.004
500,500.011,0.149,0.002
500,500.009,-0.165,-0.016
500,500.011,0.067,-0.002
500,500.011,-0.006,-0.005
500,500.01,-0.054,-0.005
500,500.011,0.007,0.002
500,500.011,0.013,0.002
500,500.011,0.087,-0.003
500,500.011,0.035,-0.003
500,500.011,0.034,0
500,500.011,-0.003,-0.005
500,500.012,0.198,0
500,500.01,-0.054,-0.008
500,500.011,0.011,-0.011
500,500.01,-0.054,-0.015
500,500.01,-0.058,-0.011
500,500.01,-0.075,0
500,500.011,0.053,-0.007
500,500.011,0.053,-0.005
500,500.01,-0.053,-0.008
500,500.011,0.009,-0.006
500,500.01,-0.044,-0.007
500,500.01,-0.061,-0.011
500,500.011,0.002,-0.006
500,500.01,-0.05,-0.013
500,500.011,0.096,-0.003
500,500.011,0.075,-0.001
500,500.011,0.033,-0.005
500,500.011,-0.027,-0.002
500,500.011,-0.025,-0.001
500,500.011,0.05,-0.004
500,500.011,0.065,-0.004
500,500.01,-0.117,-0.009
500,500.01,-0.117,-0.003
500,500.01,-0.114,-0.005
500,500.011,0.002,-0.009
500,500.01,-0.078,-0.006
500,500.01,-0.04,-0.005
500,500.01,-0.061,-0.003
500,500.011,0,-0.001
500,500.009,-0.157,-0.001
500,500.011,0.086,-0.002
500,500.011,0.024,-0.006
500,500.009,-0.165,0.002
500,500.011,0.007,0.001
500,500.011,0.015,-0.005
500,500.01,-0.029,-0.005
500,500.01,-0.036,-0.008
500,500.01,-0.069,-0.005
500,500.011,0.007,-0.002
500,500.01,-0.041,-0.003
500,500.009,-0.15,-0.009
500,500.011,0.015,0.003
500,500.011,0.006,-0.01
500,500.011,0.135,-0.006
500,500.011,0.074,-0.002
500,500.01,-0.03,-0.004
500,500.01,-0.031,0
500,500.01,-0.023,-0.009
500,500.01,-0.04,-0.008
500,500.01,-0.049,-0.008
500,500.011,-0.017,-0.007
500,500.01,-0.088,-0.004
500,500.011,0.007,0.001
500,500.01,-0.057,-0.009
500,500.01,-0.12,0.003
500,500.011,0.072,0
500,500.01,-0.043,0.004
500,500.011,0.016,-0.008
500,500.01,-0.08,-0.01
500,500.011,0.031,-0.003
500,500.01,-0.092,-0.002
500,500.009,-0.14,-0.001
500,500.01,-0.014,-0.01
500,500.011,0.023,-0.009
500,500.009,-0.14,-0.01
500,500.011,0.041,-0.009
500,500.01,-0.096,0.001
500,500.011,0.033,0
500,500.01,-0.115,-0.012
500,500.011,0.123,-0.004
500,500.01,-0.069,-0.005
500,500.01,-0.046,0.001
500,500.011,0.081,-0.001
500,500.01,-0.1,0.002
500,500.009,-0.189,-0.008
500,500.011,0.044,-0.004
500,500.009,-0.155,-0.003
500,500.011,0.022,-0.009
500,500.011,0.074,-0.003
500,500.011,0.05,0.002
500,500.011,0.014,0
500,500.011,-0.002,-0.002
500,500.011,0.055,-0.004
500,500.011,0.127,-0.002
500,500.011,0.055,-0.003
500,500.011,0.111,-0.006
500,500.011,0.096,-0.003
500,500.011,0.071,-0.008
500,500.011,0.077,-0.008
500,500.012,0.182,-0.002
500,500.01,-0.109,0.004
500,500.01,-0.042,-0.001
500,500.01,-0.089,-0.007
500,500.01,-0.023,-0.011
1000,500.011,0.125,0.009
1000,500.015,0.463,0.037
1000,500.021,0.78,0.122
1000,500.045,2.259,0.26
1000,500.134,8.923,0.428
1000,500.333,18.948,0.376
1000,500.701,34.568,0.367
1000,501.175,46.138,0.281
1000,501.72,53.871,0.173
1000,502.294,57.057,0.118
1000,502.858,56.239,-0.011
1000,503.396,53.913,0.084
1000,503.937,53.86,0.139
1000,504.486,55.095,0.201
1000,505.112,62.216,0.271
1000,505.84,71.22,0.352
1000,506.679,82.536,0.345
1000,507.602,91.487,0.264
1000,508.598,98.856,0.211
1000,509.628,102.032,0.169
1000,510.671,103.765,0.166
1000,511.721,104.784,0.107
1000,512.789,107.045,0.09
1000,513.88,109.618,0.255
1000,515.047,116.14,0.286
1000,516.283,123.215,0.267
1000,517.602,130.84,0.302
1000,519.013,139.739,0.138
1000,520.475,146.197,0.256
1000,521.988,150.264,0.236
1000,523.521,152.438,-0.091
1000,525.077,154.372,0.236
1000,526.665,158.269,0.286
1000,528.294,162.329,0.281
1000,529.96,166.075,0.296
1000,531.692,171.864,0.259
1000,533.525,182.509,0.297
1000,535.413,188.801,0.284
1000,537.362,194.571,0.289
1000,539.351,198.408,0.299
1000,541.398,202.929,0.068
1000,543.481,207.677,0.239
1000,545.565,209.008,0.32
1000,547.691,212.393,0.07
1000,549.846,215.095,0.382
1000,552.09,224.471,0.007
1000,554.398,231.225,0.39
1000,556.782,238.074,0.149
1000,559.241,245.281,0.167
1000,561.739,248.847,0.348
1000,564.293,252.374,0.34
1000,566.867,255.235,0.253
1000,569.485,260.701,0.251
1000,572.117,263.663,0.176
1000,574.796,267.419,0.188
1000,577.523,272.118,0.295
1000,580.338,280.769,0.365
1000,583.199,286.298,0.431
1000,586.124,292.189,0.372
1000,589.112,297.27,0.158
1000,592.155,302.254,0.357
1000,595.266,309.593,-0.251
1000,598.381,312.396,0.294
1000,601.519,313.962,0.246
1000,604.698,316.882,0.373
1000,607.91,318.897,0.238
1000,611.208,327.464,0.498
1000,614.531,332.786,0.562
1000,617.963,341.552,0.292
1000,621.484,350.078,0.233
1000,625.099,360.864,0.192
1000,628.71,362.889,0.235
1000,632.335,362.888,0.177
1000,635.969,363.297,0.147
1000,639.604,362.407,0.268
1000,643.303,369.273,0.402
1000,647.035,375.173,0.436
1000,650.852,381.976,-0.012
1000,654.769,390.408,0.401
1000,658.776,398.446,0.596
1000,662.906,410.642,0.356
1000,667.087,417.391,-0.074
1000,671.234,416.488,0.367
1000,675.394,416.499,0.163
1000,679.537,414.67,-0.514
1000,683.693,414.381,0.489
1000,687.96,425.212,0.338
1000,692.26,431.972,0.076
1000,696.652,439.276,0.368
1000,701.142,447.461,0.474
1000,705.735,455.993,-0.034
1000,710.451,469.117,0.271
1000,715.141,470.001,0.311
1000,719.827,468.181,0.194
1000,724.472,463.246,0.028
1000,729.164,469.338,0.124
1000,733.845,470.632,0.513
1000,738.606,476.907,0.582
1000,743.463,484.642,0.636
1000,748.461,496.668,0.614
1000,753.636,515.384,0.623
1000,758.83,520.872,0.031
1000,764.029,519.745,-0.382
1000,769.085,506.121,-0.351
1000,773.893,481.745,-0.609
1000,778.477,461.4,-0.713
1000,782.823,439.96,-0.133
1000,787.094,429.86,0.464
1000,791.432,433.448,0.722
1000,795.959,451.623,0.853
1000,800.609,466.238,0.695
1000,805.371,475.619,-0.16
1000,810.142,476.665,-0.131
1000,814.826,464.46,-0.435
1000,819.183,436.699,-0.645
1000,823.217,405.775,-0.754
1000,827.031,384.686,-0.064
1000,830.75,375.977,0.356
1000,834.525,377.749,0.814
1000,838.478,392.81,0.766
1000,842.659,416.164,0.621
1000,846.935,427.532,0.243
1000,851.235,429.332,-0.334
1000,855.388,415.725,-0.759
1000,859.236,385.97,-1.032
1000,862.804,359.856,-0.646
1000,866.109,335.48,0.238
1000,869.342,325.867,0.391
1000,872.649,330.685,0.19
1000,876.129,345.243,0.483
1000,879.827,367.395,0.301
1000,883.594,376.087,-0.103
1000,887.336,373.649,-0.315
1000,890.892,356.058,-0.493
1000,894.203,331.093,-0.65
1000,897.27,308.858,-0.197
1000,900.146,291.25,0.173
1000,902.962,283.503,0.398
1000,905.855,288.755,0.29
1000,908.894,302.934,0.524
1000,912.039,315.011,-0.33
1000,915.239,319.709,0.193
1000,918.391,314.552,-0.23
1000,921.384,299.316,-0.325
1000,924.183,278.842,-0.165
1000,926.754,258.619,-0.074
1000,929.224,249.364,-0.287
1000,931.646,243.955,0.298
1000,934.104,246.087,0.451
1000,936.635,251.692,0.351
1000,939.26,261.678,0.252
1000,941.901,264.951,-0.045
1000,944.485,258.753,-0.612
1000,946.931,245.476,-0.19
1000,949.215,229.104,-0.14
1000,951.356,216.125,0.031
1000,953.367,204.059,-0.146
1000,955.346,199.329,0.125
1000,957.335,198.974,0.284
1000,959.372,201.938,0.313
1000,961.474,209.382,0.026
1000,963.545,207.996,0.059
1000,965.56,201.732,0.053
1000,967.475,192.364,-0.069
1000,969.247,178.165,-0.011
1000,970.914,167.86,0.029
1000,972.477,158.321,0.06
1000,974.012,154.387,0.053
1000,975.527,151.791,0.213
1000,977.073,154.474,0.218
1000,978.616,154.999,-0.062
1000,980.163,155.091,0.1
1000,981.646,148.882,0.017
1000,983.045,140.434,-0.449
1000,984.333,130.146,0.006
1000,985.509,118.619,-0.007
1000,986.625,112.115,-0.102
1000,987.667,105.924,0.059
1000,988.677,101.902,0.155
1000,989.703,101.999,0.159
1000,990.745,104.044,0.132
1000,991.767,103.046,0.074
1000,992.759,99.624,-0.002
1000,993.66,91.307,-0.056
1000,994.463,81.116,-0.052
1000,995.164,71.365,-0.06
1000,995.774,62.174,-0.044
1000,996.307,54.657,0.05
1000,996.806,50.296,0.105
1000,997.301,49.251,0.125
1000,997.814,50.85,0.141
1000,998.339,52.001,0.024
1000,998.843,50.075,0.02
1000,999.288,44.271,-0.027
1000,999.659,37.519,-0.104
1000,999.91,26.487,-0.182
1000,1000.064,16.593,-0.151
1000,1000.091,3.975,-0.077
1000,1000.046,-2.68,-0.01
1000,1000.045,0.098,0.011
1000,1000.068,1.725,0.021
1000,1000.063,-0.366,-0.016
1000,1000.051,-0.866,-0.05
1000,1000.053,0.133,-0.045
1000,1000.052,-0.161,-0.04
1000,1000.054,0.178,-0.034
1000,1000.052,-0.069,-0.039
1000,1000.053,-0.027,-0.047
1000,1000.053,-0.009,-0.042
1000,1000.053,0.029,-0.043
1000,1000.052,-0.058,-0.048
1000,1000.053,-0.019,-0.041
1000,1000.055,0.319,-0.03
1000,1000.053,0.004,-0.041
1000,1000.053,-0.013,-0.041
1000,1000.053,0.006,-0.034
1000,1000.052,-0.038,-0.043
1000,1000.052,-0.107,-0.049
1000,1000.053,0.139,-0.048
1000,1000.054,0.169,-0.043
1000,1000.053,0.038,-0.047
1000,1000.052,-0.056,-0.039
1000,1000.053,-0.012,-0.044
1000,1000.053,-0.003,-0.046
1000,1000.053,0.098,-0.043
1000,1000.053,0.064,-0.047
1000,1000.052,-0.078,-0.037
1000,1000.052,-0.07,-0.037
1000,1000.052,-0.044,-0.049
1000,1000.052,-0.091,-0.038
1000,1000.053,0.05,-0.037
1000,1000.052,-0.02,-0.043
1000,1000.052,-0.096,-0.047
1000,1000.053,0.081,-0.046
1000,1000.053,0.078,-0.044
1000,1000.053,0.008,-0.047
1000,1000.053,0.027,-0.046
1000,1000.052,-0.126,-0.042
1000,1000.052,-0.063,-0.039
1000,1000.052,-0.13,-0.039
1000,1000.052,-0.122,-0.039
1000,1000.053,0.007,-0.041
1000,1000.053,0.075,-0.046
1000,1000.053,0.143,-0.049
1000,1000.052,-0.071,-0.045
1000,1000.053,0.046,-0.043
1000,1000.053,0.006,-0.043
1000,1000.052,-0.146,-0.043
1000,1000.052,-0.065,-0.043
1000,1000.052,-0.03,-0.035
1000,1000.052,-0.035,-0.051
1000,1000.052,-0.115,-0.036
1000,1000.053,0.08,-0.047
1000,1000.053,0.064,-0.043
1000,1000.053,0.054,-0.045
1000,1000.053,0.034,-0.046
1000,1000.052,-0.159,-0.041
1000,1000.053,-0.019,-0.046
1000,1000.053,-0.039,-0.045
1000,1000.053,0.039,-0.044
1000,1000.052,-0.143,-0.043
1000,1000.052,-0.139,-0.044
1000,1000.052,-0.066,-0.043
1000,1000.053,0.09,-0.048
1000,1000.052,-0.145,-0.041
1000,1000.052,-0.066,-0.049
1000,1000.053,-0.007,-0.04
1000,1000.052,-0.053,-0.047
1000,1000.053,0.054,-0.043
1000,1000.053,0.006,-0.031
1000,1000.052,-0.051,-0.048
1000,1000.053,0.005,-0.048
1000,1000.053,0.049,-0.041
1000,1000.053,0.054,-0.047
1000,1000.053,0.099,-0.051
1000,1000.053,0,-0.052
1000,1000.053,-0.004,-0.042
1000,1000.053,0.05,-0.039
1000,1000.053,-0.002,-0.039
1000,1000.053,0.002,-0.045
1000,1000.053,-0.004,-0.045
1000,1000.052,-0.067,-0.048
1000,1000.052,-0.144,-0.047
1000,1000.054,0.234,-0.047
1000,1000.053,0.008,-0.046
1000,1000.052,-0.064,-0.042
1000,1000.053,-0.007,-0.045
1000,1000.052,-0.032,-0.051
1000,1000.053,0.116,-0.043
1000,1000.052,-0.049,-0.04
1000,1000.053,-0.002,-0.043
1000,1000.053,0.008,-0.052
1000,1000.053,0.067,-0.047
1000,1000.053,0.093,-0.04
1000,1000.053,0.012,-0.035
1000,1000.052,-0.119,-0.044
1000,1000.053,0.063,-0.044
1000,1000.053,-0.003,-0.04
1000,1000.053,-0.01,-0.041
1000,1000.052,-0.073,-0.046
1000,1000.052,-0.146,-0.043
1000,1000.053,0.001,-0.038
1000,1000.052,-0.127,-0.046
1000,1000.053,0.055,-0.041
1000,1000.053,-0.002,-0.043
1000,1000.053,-0.012,-0.048
1000,1000.053,0.086,-0.041
1000,1000.052,-0.067,-0.038
1000,1000.053,-0.026,-0.046
1000,1000.053,0.122,-0.044
1000,1000.053,0.057,-0.052
1000,1000.053,-0.015,-0.044
1000,1000.052,-0.081,-0.044
1000,1000.053,0.11,-0.056
1000,1000.053,-0.035,-0.047
1000,1000.052,-0.132,-0.046
1000,1000.053,-0.03,-0.045
1000,1000.053,0.002,-0.041
1000,1000.052,-0.141,-0.037
1000,1000.053,-0.03,-0.038
1000,1000.053,0.116,-0.052
1000,1000.053,0.043,-0.051
1000,1000.053,0.031,-0.05
1000,1000.053,-0.041,-0.051
1000,1000.053,-0.053,-0.045
1000,1000.053,-0.009,-0.043
1000,1000.053,-0.045,-0.036
1000,1000.053,-0.071,-0.038
1000,1000.053,0.032,-0.044
1000,1000.052,-0.117,-0.038
1000,1000.053,0.044,-0.054
1000,1000.052,-0.128,-0.043
1000,1000.053,-0.015,-0.039
1000,1000.053,-0.022,-0.052
1000,1000.053,0,-0.044
1000,1000.052,-0.056,-0.044
1000,1000.053,0.089,-0.044
1000,1000.053,0.109,-0.041
1000,1000.053,0.012,-0.037
1000,1000.052,-0.132,-0.04
1000,1000.053,0.031,-0.043
1000,1000.052,-0.05,-0.046
1000,1000.051,-0.219,-0.053
1000,1000.052,-0.036,-0.039
1000,1000.053,0.082,-0.038
1000,1000.053,0.08,-0.049
1000,1000.052,-0.125,-0.044
1000,1000.052,-0.041,-0.054
1000,1000.053,0.056,-0.038
1000,1000.052,-0.12,-0.046
1000,1000.052,-0.106,-0.047
1000,1000.053,0.025,-0.043
1000,1000.052,-0.098,-0.037
1000,1000.052,-0.038,-0.049
1000,1000.052,-0.034,-0.05
1000,1000.053,0.009,-0.044
1000,1000.053,0.095,-0.05
1000,1000.053,0.007,-0.042
1000,1000.052,-0.092,-0.044
1000,1000.051,-0.202,-0.045
1000,1000.053,0.104,-0.045
1000,1000.053,0.09,-0.053
1000,1000.053,0.084,-0.042
1000,1000.053,0.105,-0.047
1000,1000.053,0.037,-0.054
1000,1000.053,0.042,-0.053
1000,1000.052,-0.092,-0.042
1000,1000.053,0.15,-0.047
1000,1000.053,0.106,-0.046
1000,1000.052,-0.019,-0.049
1000,1000.052,-0.106,-0.045
1000,1000.053,0.095,-0.041
1000,1000.052,-0.007,-0.04
1000,1000.053,0.066,-0.032
1000,1000.052,-0.119,-0.046
1000,1000.052,-0.088,-0.035
1000,1000.052,-0.024,-0.047
1000,1000.053,0.091,-0.042
1000,1000.052,-0.082,-0.048
1000,1000.052,-0.101,-0.043
1000,1000.053,0.111,-0.046
1000,1000.053,0.038,-0.043
1000,1000.052,0.006,-0.039
1000,1000.053,0.083,-0.053
1000,1000.053,0.027,-0.056
1000,1000.053,0.041,-0.051
1000,1000.052,-0.085,-0.044
1000,1000.051,-0.229,-0.053
1000,1000.052,-0.047,-0.045
1000,1000.053,0.009,-0.045
1000,1000.053,0.004,-0.048
1000,1000.052,-0.098,-0.043
1000,1000.053,0.034,-0.047
1000,1000.051,-0.222,-0.042
1000,1000.052,-0.037,-0.041
1000,1000.053,0.099,-0.043
1000,1000.053,0.087,-0.045
1000,1000.052,-0.018,-0.044
1000,1000.053,0.089,-0.053
1000,1000.051,-0.212,-0.045
1000,1000.053,0.105,-0.045
1000,1000.052,-0.089,-0.052
1000,1000.052,-0.039,-0.044
1000,1000.053,0.09,-0.049
1000,1000.052,-0.112,-0.053
1000,1000.052,-0.056,-0.048
1000,1000.052,-0.029,-0.057
1000,1000.053,0.021,-0.037
1000,1000.053,0.101,-0.047
1000,1000.052,-0.174,-0.041
1000,1000.053,0.03,-0.038
1000,1000.052,-0.024,-0.041
1000,1000.052,-0.044,-0.042
1000,1000.053,0.073,-0.05
1000,1000.053,0.057,-0.047
1000,1000.053,0.073,-0.04
1000,1000.052,-0.004,-0.034
1000,1000.052,-0.065,-0.048
1000,1000.053,0.044,-0.048
1000,1000.053,0.114,-0.042
1000,1000.053,0.097,-0.049
1000,1000.052,-0.085,-0.051
1000,1000.054,0.208,-0.045
1000,1000.052,-0.037,-0.047
1000,1000.052,-0.021,-0.044
1000,1000.052,-0.014,-0.056
1000,1000.052,-0.104,-0.044
1000,1000.053,0.016,-0.045
1000,1000.053,0.045,-0.055
1000,1000.053,0.005,-0.041
1000,1000.052,-0.041,-0.041
1000,1000.053,0.049,-0.042
1000,1000.053,0.032,-0.035
1000,1000.053,0.154,-0.049
1000,1000.053,0.081,-0.039
1000,1000.053,0.13,-0.044
1000,1000.052,-0.079,-0.037
1000,1000.052,-0.09,-0.05
1000,1000.052,-0.071,-0.044
1000,1000.052,-0.073,-0.047
1000,1000.052,-0.1,-0.044
1000,1000.052,-0.102,-0.049
1000,1000.053,0.034,-0.033
1000,1000.053,0.065,-0.041
1000,1000.052,0.002,-0.048
1000,1000.053,0.057,-0.043
1000,1000.053,0.123,-0.042
1000,1000.052,-0.002,-0.048
1000,1000.052,-0.043,-0.06
1000,1000.053,0.064,-0.052
1000,1000.052,-0.011,-0.051
1000,1000.052,0.004,-0.049
1000,1000.053,0.075,-0.047
1000,1000.053,0.061,-0.05
1000,1000.053,-0.004,-0.047
1000,1000.053,0.054,-0.046
1000,1000.054,0.256,-0.047
1000,1000.053,0.072,-0.041
1000,1000.054,0.194,-0.051
1000,1000.053,0.016,-0.048
1000,1000.053,0.064,-0.046
1000,1000.053,0.127,-0.045
1000,1000.052,-0.048,-0.048
1000,1000.053,0.078,-0.042
1000,1000.053,-0.001,-0.04
1000,1000.052,-0.108,-0.046
1000,1000.053,0.022,-0.047
1000,1000.052,-0.022,-0.045
1000,1000.052,-0.114,-0.05
1000,1000.053,0.018,-0.049
1000,1000.052,-0.029,-0.053
1000,1000.052,-0.021,-0.04
1000,1000.052,-0.122,-0.05
1000,1000.053,0.069,-0.047
1000,1000.054,0.202,-0.045
1000,1000.052,-0.053,-0.047
1000,1000.053,0.001,-0.041
1000,1000.052,-0.156,-0.046
1000,1000.053,0.023,-0.048
1000,1000.052,-0.176,-0.042
1000,1000.052,-0.16,-0.051
1000,1000.052,-0.146,-0.041
1000,1000.053,0.135,-0.047
1000,1000.053,-0.011,-0.048
1000,1000.052,-0.018,-0.049
1000,1000.052,-0.029,-0.046
1000,1000.053,0.005,-0.042
1000,1000.053,0.002,-0.045
1000,1000.052,-0.045,-0.042
1000,1000.053,0.021,-0.048
1000,1000.054,0.218,-0.045
1000,1000.053,0.036,-0.05
1000,1000.053,0.153,-0.048
1000,1000.053,-0.008,-0.052
1000,1000.053,0.064,-0.053
1000,1000.052,-0.024,-0.044
1000,1000.053,0.082,-0.048
1000,1000.053,-0.008,-0.04
1000,1000.053,0.044,-0.034
1000,1000.052,-0.041,-0.042
1000,1000.053,0.142,-0.046
1000,1000.053,0.099,-0.043
1000,1000.053,0,-0.046
1000,1000.052,-0.08,-0.049
1000,1000.052,-0.054,-0.043
1000,1000.053,0.061,-0.041
1000,1000.053,0.011,-0.044
1000,1000.052,-0.029,-0.042
1000,1000.054,0.175,-0.041
1000,1000.053,0.034,-0.036
1000,1000.052,-0.163,-0.039
1000,1000.052,-0.026,-0.044
1000,1000.052,-0.109,-0.044
1000,1000.052,0.002,-0.045
1000,1000.053,0.021,-0.04
1000,1000.052,-0.011,-0.035
1000,1000.052,-0.073,-0.041
1000,1000.052,-0.084,-0.048
1000,1000.053,0.067,-0.04
1000,1000.052,-0.003,-0.045
1000,1000.052,-0.031,-0.047
1000,1000.053,0.155,-0.043
1000,1000.052,-0.151,-0.047
1000,1000.053,0.032,-0.04
1000,1000.052,-0.108,-0.05
1000,1000.053,0.049,-0.048
1000,1000.052,-0.031,-0.053
1000,1000.053,0.105,-0.048
1000,1000.053,0.092,-0.036
1000,1000.053,0.145,-0.038
1000,1000.052,-0.035,-0.043
1000,1000.053,0.025,-0.044
1000,1000.053,0.037,-0.047
1000,1000.053,0.18,-0.046
1000,1000.053,0.102,-0.041
1000,1000.053,0.047,-0.043
1000,1000.054,0.25,-0.049
1000,1000.053,0.075,-0.045
1000,1000.052,-0.141,-0.04
1000,1000.052,-0.151,-0.048
1000,1000.053,0.082,-0.056
1000,1000.053,0.08,-0.051
1000,1000.053,-0.013,-0.04
1000,1000.053,0.015,-0.048
1000,1000.052,-0.077,-0.043
1000,1000.053,0.02,-0.04
1000,1000.052,-0.098,-0.038
1000,1000.053,0.072,-0.05
1000,1000.053,0.009,-0.043
1000,1000.053,0.012,-0.049
1000,1000.052,-0.054,-0.047
1000,1000.053,-0.001,-0.049
1000,1000.052,-0.127,-0.047
1000,1000.053,0.119,-0.042
1000,1000.053,0.057,-0.047
1000,1000.053,-0.016,-0.047
1000,1000.053,0.101,-0.039
1000,1000.053,-0.016,-0.046
1000,1000.053,0.014,-0.045
1000,1000.053,0.024,-0.043
1000,1000.053,0.021,-0.045
1000,1000.052,-0.033,-0.047
1000,1000.053,0.068,-0.045
1000,1000.052,-0.041,-0.042
1000,1000.053,0.011,-0.047
1000,1000.052,-0.039,-0.041
1000,1000.053,0.066,-0.041
1000,1000.053,0.022,-0.047
1000,1000.053,0.139,-0.052
1000,1000.053,0.021,-0.049
1000,1000.052,-0.006,-0.054
1000,1000.053,0.009,-0.035
1000,1000.053,0.024,-0.046
1000,1000.052,-0.101,-0.04
1000,1000.053,0.052,-0.036
1000,1000.052,-0.083,-0.04
1000,1000.053,0.015,-0.046
1000,1000.052,-0.06,-0.046
1000,1000.053,0.057,-0.049
1000,1000.052,-0.054,-0.044
1000,1000.053,-0.018,-0.043
1000,1000.052,-0.033,-0.059
1000,1000.052,-0.098,-0.043
1000,1000.052,-0.103,-0.049
1000,1000.052,-0.054,-0.054
1000,1000.052,-0.127,-0.051
1000,1000.053,0.066,-0.043
1000,1000.053,-0.001,-0.048
1000,1000.053,-0.013,-0.046
1000,1000.052,-0.134,-0.045
1000,1000.052,-0.083,-0.05
1000,1000.052,-0.062,-0.056
1000,1000.052,-0.128,-0.052
1000,1000.053,0.067,-0.051
1000,1000.052,-0.059,-0.039
1000,1000.052,-0.04,-0.046
1000,1000.053,0.052,-0.046
1000,1000.051,-0.246,-0.045
1000,1000.052,-0.128,-0.033
1000,1000.052,-0.055,-0.048
1000,1000.053,0.119,-0.046
1000,1000.053,0.005,-0.041
1000,1000.052,-0.059,-0.044
1000,1000.053,0.059,-0.046
1000,1000.052,-0.068,-0.041
1000,1000.053,-0.008,-0.045
1000,1000.052,-0.051,-0.04
1000,1000.053,0.032,-0.044
1000,1000.053,0.021,-0.051
1000,1000.053,0.075,-0.046
1000,1000.053,0.154,-0.044
1000,1000.052,-0.027,-0.044
1000,1000.053,0.015,-0.041
1000,1000.052,-0.132,-0.048
1000,1000.052,-0.069,-0.044
1000,1000.052,-0.12,-0.048
1000,1000.053,0.093,-0.043
1000,1000.053,-0.023,-0.048
1000,1000.053,0.059,-0.052
1000,1000.053,0.009,-0.046
1000,1000.052,-0.036,-0.04
1000,1000.053,0.002,-0.042
1000,1000.053,0.148,-0.045
1000,1000.053,0.005,-0.049
1000,1000.053,0.018,-0.046
1000,1000.052,-0.11,-0.039
1000,1000.052,-0.102,-0.049
1000,1000.053,0.069,-0.047
1000,1000.053,0.039,-0.046
1000,1000.053,0.015,-0.041
1000,1000.052,-0.037,-0.048
1000,1000.053,0.015,-0.039
1000,1000.052,-0.047,-0.049
1000,1000.052,-0.128,-0.043
1000,1000.053,0.079,-0.048
1000,1000.052,-0.086,-0.051
1000,1000.053,0.02,-0.051
1000,1000.053,0.048,-0.05
1000,1000.052,-0.12,-0.048
1000,1000.053,0.074,-0.049
1000,1000.053,0.021,-0.046
1000,1000.052,-0.05,-0.043
1000,1000.052,-0.133,-0.043
1000,1000.053,0.048,-0.045
1000,1000.053,0.042,-0.041
1000,1000.052,-0.077,-0.047
1000,1000.053,0.036,-0.051
1000,1000.053,0.079,-0.049
1000,1000.052,-0.014,-0.047
1000,1000.052,-0.022,-0.048
1000,1000.052,-0.023,-0.048
1000,1000.053,0.081,-0.048
1000,1000.053,0.038,-0.049
1000,1000.053,0.155,-0.051
1000,1000.053,0.053,-0.046
1000,1000.053,0.038,-0.042
1000,1000.052,-0.011,-0.045
1000,1000.052,-0.104,-0.042
1000,1000.053,0.024,-0.049
1000,1000.053,0.034,-0.044
1000,1000.053,0.131,-0.039
1000,1000.052,-0.03,-0.051
1000,1000.053,0.036,-0.045
1000,1000.052,-0.103,-0.05
1000,1000.052,-0.093,-0.048
1000,1000.053,0.031,-0.046
1000,1000.053,0.09,-0.044
1000,1000.052,-0.021,-0.049
1000,1000.051,-0.198,-0.046
1000,1000.053,0.004,-0.043
1000,1000.052,-0.036,-0.04
1000,1000.053,0.026,-0.045
1000,1000.052,-0.029,-0.046
1000,1000.052,-0.1,-0.046
1000,1000.053,0.031,-0.053
1000,1000.053,0.084,-0.048
1000,1000.052,-0.031,-0.041
1000,1000.052,-0.071,-0.039
1000,1000.053,0.042,-0.047
1000,1000.052,-0.005,-0.046
1000,1000.052,-0.013,-0.049
1000,1000.053,0.031,-0.056
1000,1000.053,0.008,-0.052
1000,1000.052,-0.031,-0.046
1000,1000.053,0.146,-0.048
1000,1000.052,-0.157,-0.045
1000,1000.052,-0.026,-0.047
1000,1000.052,-0.089,-0.049
1000,1000.052,-0.031,-0.051
1000,1000.052,-0.013,-0.05
1000,1000.052,-0.086,-0.039
1000,1000.053,0.027,-0.048
1000,1000.052,-0.042,-0.049
1000,1000.052,-0.119,-0.043
1000,1000.053,0.137,-0.044
1000,1000.052,-0.085,-0.044
1000,1000.052,-0.083,-0.056
1000,1000.052,-0.082,-0.053
1000,1000.052,-0.016,-0.045
1000,1000.053,0.095,-0.043
1000,1000.053,0.16,-0.049
1000,1000.053,0.1,-0.035
1000,1000.053,0.019,-0.049
1000,1000.053,0.037,-0.053
1000,1000.052,-0.099,-0.044
1000,1000.052,-0.004,-0.045
1000,1000.052,-0.079,-0.045
1000,1000.052,-0.056,-0.047
1000,1000.052,-0.026,-0.051
1000,1000.052,-0.001,-0.049
1000,1000.052,0.024,-0.05
1000,1000.052,-0.017,-0.048
1000,1000.053,0.033,-0.042
1000,1000.052,-0.084,-0.046
1000,1000.052,-0.032,-0.058
1000,1000.053,0.029,-0.037
1000,1000.052,-0.111,-0.047
1000,1000.052,-0.139,-0.049
1000,1000.052,-0.107,-0.05
1000,1000.053,0.144,-0.051
1000,1000.053,0.02,-0.052
1000,1000.053,0.113,-0.046
1000,1000.053,0.015,-0.054
1000,1000.053,0.033,-0.048
1000,1000.052,-0.096,-0.049
1000,1000.053,0.084,-0.044
1000,1000.053,0.011,-0.038
1000,1000.052,-0.108,-0.042
1000,1000.053,-0.009,-0.05
1000,1000.052,-0.103,-0.05
1000,1000.053,0.053,-0.041
1000,1000.052,-0.095,-0.047
1000,1000.053,0.013,-0.051
1000,1000.053,0.065,-0.047
1000,1000.052,-0.098,-0.047
1000,1000.052,-0.056,-0.046
1000,1000.052,-0.105,-0.04
1000,1000.053,0.021,-0.05
1000,1000.052,-0.106,-0.044
1000,1000.052,0.006,-0.051
1000,1000.052,-0.14,-0.043
1000,1000.052,-0.074,-0.052
1000,1000.052,0.002,-0.051
1000,1000.052,0.011,-0.047
1000,1000.053,0.068,-0.049
1000,1000.052,-0.018,-0.044
1000,1000.052,-0.093,-0.049
1000,1000.052,-0.084,-0.059
1000,1000.052,-0.111,-0.041
1000,1000.052,-0.035,-0.043
1000,1000.052,-0.088,-0.046
1000,1000.052,-0.068,-0.043
1000,1000.052,0.018,-0.047
1000,1000.053,0.113,-0.049
1000,1000.053,0.058,-0.044
1000,1000.052,-0.123,-0.047
1000,1000.053,0.054,-0.049
1000,1000.053,0.061,-0.042
1000,1000.052,-0.065,-0.045
-1000,1000.053,0.067,-0.055
-1000,1000.051,-0.086,-0.093
-1000,1000.04,-0.97,-0.153
-1000,1000.007,-3.122,-0.277
-1000,999.925,-7.905,-0.403
-1000,999.752,-16.761,-0.417
-1000,999.411,-31.967,-0.504
-1000,998.947,-44.585,-0.279
-1000,998.39,-54.25,-0.168
-1000,997.813,-57.412,-0.083
-1000,997.244,-56.839,-0.073
-1000,996.699,-54.735,-0.093
-1000,996.172,-52.932,-0.099
-1000,995.636,-53.737,-0.251
-1000,995.02,-61.112,-0.197
-1000,994.316,-69.738,-0.347
-1000,993.498,-80.679,-0.268
-1000,992.593,-89.222,-0.275
-1000,991.596,-98.36,-0.195
-1000,990.582,-101.631,-0.171
-1000,989.546,-103.515,-0.161
-1000,988.49,-105.303,-0.193
-1000,987.427,-106.121,-0.211
-1000,986.324,-109.97,-0.247
-1000,985.165,-115.601,-0.215
-1000,983.952,-121.21,-0.304
-1000,982.657,-128.815,-0.336
-1000,981.28,-135.937,-0.306
-1000,979.82,-144.656,-0.14
-1000,978.312,-149.901,-0.222
-1000,976.787,-152.221,-0.219
-1000,975.232,-154.393,-0.114
-1000,973.656,-156.409,-0.255
-1000,972.021,-162.287,-0.246
-1000,970.367,-165.639,-0.302
-1000,968.648,-171.223,-0.377
-1000,966.855,-178.298,-0.337
-1000,964.981,-186.75,-0.369
-1000,963.054,-193.073,-0.312
-1000,961.078,-197.609,-0.243
-1000,959.041,-202.66,-0.165
-1000,956.956,-206.681,-0.297
-1000,954.872,-207.71,-0.369
-1000,952.737,-211.408,-0.199
-1000,950.548,-218.193,-0.336
-1000,948.327,-222.56,-0.066
-1000,946.035,-228.249,-0.385
-1000,943.692,-233.176,-0.313
-1000,941.245,-243.667,0.124
-1000,938.781,-247.438,-0.392
-1000,936.25,-252.442,-0.345
-1000,933.668,-256.974,-0.222
-1000,931.076,-257.898,-0.188
-1000,928.429,-264.23,-0.094
-1000,925.775,-267.006,-0.212
-1000,923.061,-271.607,-0.349
-1000,920.274,-277.254,-0.407
-1000,917.415,-283.035,-0.418
-1000,914.462,-293.234,-0.392
-1000,911.474,-298.857,-0.283
-1000,908.441,-302.859,-0.318
-1000,905.392,-304.244,0.185
-1000,902.315,-306.647,-0.271
-1000,899.152,-315.176,-0.355
-1000,895.97,-319.045,-0.323
-1000,892.743,-322.467,0.025
-1000,889.485,-325.076,-0.484
-1000,886.125,-335.223,-0.36
-1000,882.724,-340.679,-0.212
-1000,879.263,-345.887,-0.005
-1000,875.728,-352.301,-0.135
-1000,872.151,-356.449,-0.014
-1000,868.523,-358.499,0.051
-1000,864.89,-361.203,-0.068
-1000,861.195,-368.523,-0.394
-1000,857.456,-374.141,-0.333
-1000,853.669,-378.623,-0.463
-1000,849.82,-383.063,-0.503
-1000,845.876,-393.61,-0.133
-1000,841.917,-397.587,-0.527
-1000,837.877,-404.02,-0.074
-1000,833.804,-407.172,-0.329
-1000,829.692,-409.558,-0.319
-1000,825.514,-417.36,-0.374
-1000,821.352,-419.297,-0.315
-1000,817.148,-421.179,-0.434
-1000,812.897,-424.725,-0.095
-1000,808.573,-430.779,-0.409
-1000,804.128,-442.82,-0.765
-1000,799.643,-449.842,-0.477
-1000,795.07,-457.602,-0.039
-1000,790.474,-459.229,-0.404
-1000,785.85,-460.713,0.207
-1000,781.146,-469.363,-0.037
-1000,776.491,-467.994,-0.272
-1000,771.8,-470.111,-0.438
-1000,767.087,-471.373,-0.519
-1000,762.288,-478.091,-0.526
-1000,757.39,-489.047,-0.661
-1000,752.457,-495.333,-0.579
-1000,747.42,-503.394,-0.607
-1000,742.292,-510.886,-0.547
-1000,737.123,-514.228,-0.064
-1000,731.912,-520.511,-0.152
-1000,726.685,-522.204,-0.171
-1000,721.499,-522.2,-0.441
-1000,716.282,-523.105,-0.491
-1000,711.024,-525.478,-0.616
-1000,705.694,-530.245,-0.444
-1000,700.268,-542.023,-0.758
-1000,694.739,-554.885,-0.647
-1000,689.087,-564.533,-0.329
-1000,683.338,-573.881,-0.154
-1000,677.539,-577.647,-0.313
-1000,671.725,-580.801,-0.296
-1000,666.023,-573.549,-0.242
-1000,660.373,-567.081,0.009
-1000,654.761,-561.901,-0.448
-1000,649.053,-568.123,-0.656
-1000,643.211,-583.705,-0.94
-1000,637.251,-597.788,-1.235
-1000,631.078,-615.343,-1.05
-1000,624.72,-631.609,-0.781
-1000,618.301,-637.807,-0.397
-1000,611.819,-646.274,0.446
-1000,605.48,-637.59,0.927
-1000,599.271,-623.16,0.605
-1000,593.229,-605.131,-0.376
-1000,587.264,-595.113,-0.615
-1000,581.167,-608.003,-1.105
-1000,574.919,-625.52,-1.881
-1000,568.341,-654.941,-1.408
-1000,561.437,-685.696,-1.424
-1000,554.223,-712.549,-0.397
-1000,546.846,-733.742,0.467
-1000,539.5,-732.345,0.774
-1000,532.488,-706.961,1.615
-1000,525.907,-663.304,1.392
-1000,519.745,-622.089,0.336
-1000,513.841,-592.701,-0.755
-1000,507.835,-603.604,-2.419
-1000,501.463,-638.052,-2.12
-1000,494.635,-678.545,-2.037
-1000,487.405,-716.639,-1.391
-1000,479.872,-744.689,-1.709
-1000,472.038,-777.568,-0.855
-1000,464.096,-794.425,-0.582
-1000,456.119,-797.249,0.102
-1000,448.162,-793.271,-0.063
-1000,440.205,-796.15,0.631
-1000,432.449,-781.959,0.929
-1000,424.884,-760.224,1.347
-1000,417.66,-725.957,0.917
-1000,410.746,-693.908,-0.695
-1000,403.854,-692.369,-1.303
-1000,396.908,-698.094,-1.487
-1000,389.715,-718.133,-1.645
-1000,382.312,-737.553,-1.428
-1000,374.71,-754.819,-0.815
-1000,366.909,-778.219,-0.775
-1000,359.076,-786.422,-0.199
-1000,351.191,-787.658,0.085
-1000,343.336,-783.773,0.558
-1000,335.514,-778.154,-0.068
-1000,327.689,-780.937,-0.661
-1000,319.957,-777.837,-0.863
-1000,312.15,-776.96,1.232
-1000,304.437,-773.639,-0.62
-1000,296.673,-775.018,0.79
-1000,288.98,-766.794,-0.639
-1000,281.145,-780.599,0.364
-1000,273.415,-777.474,-0.605
-1000,265.69,-773.933,-0.25
-1000,257.945,-772.464,0.252
-1000,250.236,-768.596,-0.214
-1000,242.415,-780.596,-0.452
-1000,234.671,-777.144,0.882
-1000,226.962,-774.166,-0.415
-1000,219.211,-771.958,-0.505
-1000,211.418,-779.626,-0.552
-1000,203.647,-781.557,-0.237
-1000,195.877,-777.691,-0.117
-1000,188.166,-771.819,-0.255
-1000,180.406,-772.933,-0.038
-1000,172.627,-776.876,-0.797
-1000,164.876,-779.122,-0.324
-1000,157.157,-774.009,-0.493
-1000,149.404,-774.187,-0.057
-1000,141.676,-770.105,-0.08
-1000,133.88,-779.418,-0.428
-1000,126.096,-781.775,-0.293
-1000,118.331,-777.621,0.336
-1000,110.637,-770.487,-0.344
-1000,102.889,-769.93,-0.598
-1000,95.088,-779.434,-0.479
-1000,87.346,-776.808,-0.499
-1000,79.597,-774.303,1.238
-1000,71.823,-773.121,-0.327
-1000,64.071,-773.256,0.42
-1000,56.342,-768.341,-0.418
-1000,48.538,-778.817,-0.384
-1000,40.772,-779.143,0.279
-1000,32.993,-777.307,0.623
-1000,25.283,-771.877,-0.732
-1000,17.449,-782.349,-0.032
-1000,9.748,-776.948,-0.317
-1000,1.99,-778.367,0.058
-1000,-5.726,-772.193,-0.498
-1000,-13.467,-773.06,-0.312
-1000,-21.262,-779.417,-0.475
-1000,-28.993,-778.384,-0.086
-1000,-36.736,-775.719,-0.05
-1000,-44.467,-772.388,-0.643
-1000,-52.185,-770.695,-0.258
-1000,-59.994,-779.628,-0.702
-1000,-67.738,-778.035,-0.133
-1000,-75.468,-773.935,-0.023
-1000,-83.201,-772.937,-0.344
-1000,-90.964,-772.702,0.301
-1000,-98.805,-781.23,-0.165
-1000,-106.527,-776.24,-0.54
-1000,-114.284,-776.485,1.14
-1000,-121.996,-770.934,-0.392
-1000,-129.749,-770.889,-0.325
-1000,-137.543,-779.108,-0.593
-1000,-145.282,-776.839,-0.567
-1000,-152.995,-772.449,-0.565
-1000,-160.747,-773.431,-0.416
-1000,-168.53,-779.272,-0.523
-1000,-176.282,-771.201,-0.59
-1000,-184.082,-779.309,-0.007
-1000,-191.806,-775.969,-0.452
-1000,-199.598,-778.958,0.095
-1000,-207.345,-773.09,-0.737
-1000,-215.127,-779.757,-0.325
-1000,-222.865,-778.167,0.216
-1000,-230.605,-777.786,-0.179
-1000,-238.338,-773.108,-0.386
-1000,-246.091,-772.248,0.315
-1000,-253.879,-779.415,-0.489
-1000,-261.631,-778.678,0.15
-1000,-269.339,-773.695,-0.596
-1000,-277.09,-774.677,-0.695
-1000,-284.814,-769.175,-0.609
-1000,-292.619,-780.437,-0.327
-1000,-300.353,-776.17,-0.073
-1000,-308.071,-773.693,-0.254
-1000,-315.831,-773.732,-0.037
-1000,-323.538,-768.423,-0.587
-1000,-331.372,-781.303,-0.007
-1000,-339.149,-781.177,-0.538
-1000,-346.887,-774.192,-0.701
-1000,-354.654,-775.005,-0.097
-1000,-362.505,-784.241,-0.504
-1000,-370.215,-776.716,-0.407
-1000,-377.977,-777.675,0.059
-1000,-385.685,-772.021,-0.437
-1000,-393.468,-774.767,-0.13
-1000,-401.304,-782.859,-0.637
-1000,-409.033,-778.109,-0.567
-1000,-416.907,-783.77,-0.407
-1000,-424.62,-773.832,-0.541
-1000,-432.353,-772.376,-0.385
-1000,-440.097,-770.97,-0.894
-1000,-447.911,-781.297,-0.05
-1000,-455.629,-775.151,-0.55
-1000,-463.383,-775.495,0.868
-1000,-471.081,-770.504,-0.629
-1000,-478.836,-771.503,-0.593
-1000,-486.676,-782.429,-0.079
-1000,-494.453,-779.225,-0.339
-1000,-502.15,-771.148,-0.532
-1000,-509.901,-773.329,-0.276
-1000,-517.702,-781.184,-0.347
-1000,-525.444,-778.612,-0.638
-1000,-533.183,-778.215,-0.145
-1000,-540.968,-778.124,-0.469
-1000,-548.699,-770.994,-0.225
-1000,-556.509,-781.525,-0.488
-1000,-564.239,-776.619,-0.609
-1000,-571.978,-774.533,-0.137
-1000,-579.714,-773.807,-0.366
-1000,-587.442,-769.087,-0.648
-1000,-595.255,-780.741,-0.218
-1000,-603.031,-780.757,-0.205
-1000,-610.781,-775.952,-0.5
-1000,-618.528,-774.546,-0.137
-1000,-626.373,-783.562,1.341
-1000,-633.933,-761.35,4.72
-1000,-640.723,-683.857,5.077
-1000,-646.126,-554.253,2.67
-1000,-650.508,-450.605,0.668
-1000,-654.483,-407.448,-1.137
-1000,-658.653,-418.559,-3.249
-1000,-663.623,-490.599,-3.412
-1000,-669.363,-566.795,-2.978
-1000,-675.79,-632.83,-2.513
-1000,-682.739,-685.645,-0.574
-1000,-690.04,-725.278,0.125
-1000,-697.378,-734.666,2.951
-1000,-704.295,-690.974,5.665
-1000,-709.774,-557.091,4.263
-1000,-713.692,-411.471,1.097
-1000,-716.951,-341.081,-0.51
-1000,-720.281,-339.88,-1.816
-1000,-724.317,-402.138,-3.634
-1000,-729.319,-489.341,-3.587
-1000,-735.178,-572.005,-3.375
-1000,-741.753,-645.244,-2.012
-1000,-748.648,-684.951,0.33
-1000,-755.546,-686.198,3.624
-1000,-761.724,-616.826,5.8
-1000,-766.264,-468.702,3.406
-1000,-769.374,-334.467,0.718
-1000,-772.005,-277.47,-1.063
-1000,-774.918,-294.693,-2.624
-1000,-778.685,-369.277,-3.318
-1000,-783.517,-471.268,-3.623
-1000,-789.189,-558.138,-2.474
-1000,-795.404,-612.356,-0.571
-1000,-801.775,-630.086,2.25
-1000,-807.692,-587.532,4.369
-1000,-812.424,-475.469,3.89
-1000,-815.682,-344.067,1.47
-1000,-818.162,-264.705,0.17
-1000,-820.597,-251.215,-1.694
-1000,-823.597,-298.111,-2.331
-1000,-827.495,-379.479,-3.022
-1000,-832.264,-465.092,-2.617
-1000,-837.596,-525.234,-0.869
-1000,-843.153,-549.751,0.765
-1000,-848.495,-530.776,3.497
-1000,-852.982,-451.004,3.406
-1000,-856.338,-347.877,1.717
-1000,-858.832,-264.699,0.347
-1000,-861.068,-232.04,-0.628
-1000,-863.577,-251.445,-2.21
-1000,-866.779,-314.612,-2.34
-1000,-870.681,-382.888,-2.078
-1000,-875.115,-436.856,-1.01
-1000,-879.792,-461.577,-0.076
-1000,-884.367,-452.941,2.211
-1000,-888.41,-406.557,2.126
-1000,-891.595,-329.39,2.236
-1000,-894.101,-261.11,0.585
-1000,-896.26,-223.565,0.135
-1000,-898.433,-220.371,-1.442
-1000,-901.074,-261.053,-1.648
-1000,-904.25,-312.665,-1.351
-1000,-907.87,-355.714,-0.627
-1000,-911.722,-379.508,0.046
-1000,-915.518,-376.15,0.7
-1000,-918.986,-347.831,1.279
-1000,-921.839,-293.521,1.017
-1000,-924.184,-241.161,0.62
-1000,-926.187,-206.444,-0.027
-1000,-928.135,-198.095,-0.749
-1000,-930.326,-217.798,-0.828
-1000,-932.928,-255.527,-0.803
-1000,-935.834,-287.248,-0.675
-1000,-938.922,-305.191,-0.256
-1000,-941.978,-303.473,0.818
-1000,-944.779,-280.105,0.794
-1000,-947.207,-245.782,0.935
-1000,-949.217,-207.235,0.568
-1000,-950.977,-180.113,0.218
-1000,-952.652,-170.072,-0.215
-1000,-954.461,-181.248,-0.256
-1000,-956.501,-203.155,-0.544
-1000,-958.754,-223.141,-0.6
-1000,-961.144,-235.956,-0.198
-1000,-963.534,-236.3,0.551
-1000,-965.753,-222.556,0.318
-1000,-967.673,-195.75,0.386
-1000,-969.32,-167.954,0.271
-1000,-970.727,-144.224,0.243
-1000,-972.038,-133.12,-0.221
-1000,-973.396,-136.847,-0.39
-1000,-974.908,-151.24,-0.509
-1000,-976.576,-165.188,-0.456
-1000,-978.344,-174.905,-0.232
-1000,-980.114,-175.465,0.062
-1000,-981.796,-167.521,0.226
-1000,-983.232,-146.257,0.534
-1000,-984.442,-124.068,0.19
-1000,-985.46,-104.284,0.068
-1000,-986.359,-91.733,-0.098
-1000,-987.256,-90.443,-0.331
-1000,-988.249,-98.887,-0.392
-1000,-989.354,-109.596,-0.301
-1000,-990.551,-118.559,-0.142
-1000,-991.752,-119.293,-0.036
-1000,-992.879,-112.144,0.179
-1000,-993.87,-99.987,0.208
-1000,-994.649,-80.69,0.267
-1000,-995.244,-61.976,0.137
-1000,-995.708,-48.183,0.194
-1000,-996.095,-40.312,-0.094
-1000,-996.484,-40.776,-0.283
-1000,-996.996,-50.612,-0.375
-1000,-997.617,-60.676,-0.232
-1000,-998.293,-66.18,-0.072
-1000,-998.944,-64.606,0.058
-1000,-999.504,-56.285,0.152
-1000,-999.904,-40.533,0.325
-1000,-1000.105,-22.752,0.325
-1000,-1000.132,-4.865,0.149
-1000,-1000.07,3.78,0.126
-1000,-1000.074,-0.409,0.053
-1000,-1000.123,-3.854,-0.004
-1000,-1000.131,-0.825,-0.005
-1000,-1000.115,1.111,0.035
-1000,-1000.113,0.381,0.106
-1000,-1000.111,0.278,0.103
-1000,-1000.109,0.202,0.094
-1000,-1000.109,-0.015,0.106
-1000,-1000.109,-0.06,0.107
-1000,-1000.109,-0.03,0.109
-1000,-1000.109,-0.003,0.113
-1000,-1000.11,-0.122,0.103
-1000,-1000.109,-0.071,0.109
-1000,-1000.109,-0.03,0.108
-1000,-1000.109,0.028,0.111
-1000,-1000.109,-0.064,0.114
-1000,-1000.109,-0.005,0.114
-1000,-1000.109,0.074,0.097
-1000,-1000.108,0.228,0.1
-1000,-1000.109,-0.017,0.102
-1000,-1000.109,0.053,0.107
-1000,-1000.109,0.013,0.1
-1000,-1000.109,-0.033,0.107
-1000,-1000.109,0.04,0.114
-1000,-1000.109,-0.016,0.101
-1000,-1000.109,0.006,0.107
-1000,-1000.109,0.015,0.101
-1000,-1000.109,0.015,0.1
-1000,-1000.109,0.013,0.109
-1000,-1000.108,0.141,0.103
-1000,-1000.108,0.044,0.105
-1000,-1000.108,0.039,0.093
-1000,-1000.108,0.043,0.102
-1000,-1000.108,0.092,0.104
-1000,-1000.109,-0.024,0.103
-1000,-1000.109,-0.011,0.127
-1000,-1000.109,-0.024,0.11
-1000,-1000.108,0.035,0.109
-1000,-1000.109,-0.034,0.11
-1000,-1000.109,-0.016,0.108
-1000,-1000.109,-0.077,0.095
-1000,-1000.108,0.043,0.108
-1000,-1000.108,0.013,0.107
-1000,-1000.109,-0.029,0.1
-1000,-1000.109,-0.05,0.121
-1000,-1000.108,0.037,0.103
-1000,-1000.108,0.034,0.11
-1000,-1000.109,-0.034,0.117
-1000,-1000.109,-0.022,0.102
-1000,-1000.108,0.094,0.121
-1000,-1000.109,-0.077,0.099
-1000,-1000.11,-0.27,0.108
-1000,-1000.109,-0.15,0.113
-1000,-1000.108,0.081,0.101
-1000,-1000.109,0.008,0.107
-1000,-1000.109,-0.014,0.1
-1000,-1000.109,-0.015,0.113
-1000,-1000.109,-0.088,0.104
-1000,-1000.109,-0.018,0.114
-1000,-1000.108,0.104,0.109
-1000,-1000.109,-0.034,0.108
-1000,-1000.109,-0.025,0.107
-1000,-1000.109,-0.123,0.11
-1000,-1000.109,-0.083,0.1
-1000,-1000.108,0.112,0.101
-1000,-1000.109,0.007,0.112
-1000,-1000.109,0.002,0.087
-1000,-1000.109,-0.072,0.098
-1000,-1000.108,0.083,0.107
-1000,-1000.109,0.036,0.109
-1000,-1000.109,0.03,0.106
-1000,-1000.109,-0.099,0.096
-1000,-1000.109,-0.015,0.103
-1000,-1000.109,-0.064,0.116
-1000,-1000.109,-0.116,0.115
-1000,-1000.108,0.057,0.11
-1000,-1000.108,0.129,0.102
-1000,-1000.109,-0.127,0.112
-1000,-1000.109,-0.003,0.118
-1000,-1000.108,0.075,0.107
-1000,-1000.109,-0.109,0.096
-1000,-1000.108,0.047,0.103
-1000,-1000.109,-0.061,0.095
-1000,-1000.109,0.003,0.1
-1000,-1000.108,0.091,0.116
-1000,-1000.108,0.068,0.098
-1000,-1000.109,-0.077,0.109
-1000,-1000.109,-0.047,0.095
-1000,-1000.109,-0.063,0.112
-1000,-1000.109,0.002,0.107
-1000,-1000.109,-0.016,0.106
-1000,-1000.109,-0.025,0.108
-1000,-1000.109,-0.062,0.101
-1000,-1000.109,-0.09,0.107
-1000,-1000.109,-0.092,0.121
-1000,-1000.108,0.1,0.103
-1000,-1000.109,-0.056,0.109
-1000,-1000.108,0.059,0.103
-1000,-1000.109,-0.011,0.104
-1000,-1000.109,-0.076,0.098
-1000,-1000.109,-0.098,0.115
-1000,-1000.109,-0.162,0.095
-1000,-1000.109,-0.023,0.11
-1000,-1000.108,0.065,0.11
-1000,-1000.108,0.025,0.093
-1000,-1000.108,0.088,0.102
-1000,-1000.109,-0.133,0.113
-1000,-1000.108,0.107,0.09
-1000,-1000.108,0.13,0.108
-1000,-1000.109,-0.01,0.111
-1000,-1000.109,-0.123,0.104
-1000,-1000.109,0.005,0.101
-1000,-1000.109,-0.122,0.104
-1000,-1000.108,0.063,0.111
-1000,-1000.11,-0.155,0.111
-1000,-1000.109,0.026,0.121
-1000,-1000.109,-0.025,0.108
-1000,-1000.109,0.053,0.09
-1000,-1000.108,0.087,0.106
-1000,-1000.109,0.039,0.111
-1000,-1000.109,-0.105,0.111
-1000,-1000.109,0.023,0.115
-1000,-1000.109,-0.079,0.124
-1000,-1000.109,-0.086,0.107
-1000,-1000.11,-0.215,0.118
-1000,-1000.109,-0.1,0.098
-1000,-1000.11,-0.161,0.104
-1000,-1000.11,-0.132,0.107
-1000,-1000.109,0.038,0.113
-1000,-1000.108,0.109,0.119
-1000,-1000.109,-0.018,0.11
-1000,-1000.108,0.163,0.098
-1000,-1000.109,-0.033,0.102
-1000,-1000.109,0.017,0.112
-1000,-1000.109,0.032,0.12
-1000,-1000.109,-0.033,0.119
-1000,-1000.109,0.036,0.095
-1000,-1000.109,-0.032,0.112
-1000,-1000.109,0.063,0.107
-1000,-1000.11,-0.206,0.114
-1000,-1000.109,-0.016,0.099
-1000,-1000.109,0.034,0.121
-1000,-1000.109,-0.058,0.107
-1000,-1000.109,-0.044,0.101
-1000,-1000.109,0.025,0.115
-1000,-1000.109,-0.031,0.106
-1000,-1000.109,0.021,0.108
-1000,-1000.109,-0.102,0.121
-1000,-1000.109,-0.032,0.113
-1000,-1000.109,-0.093,0.109
-1000,-1000.109,-0.084,0.107
-1000,-1000.109,-0.024,0.107
-1000,-1000.109,-0.09,0.108
-1000,-1000.109,0.028,0.11
-1000,-1000.109,-0.059,0.103
-1000,-1000.109,-0.073,0.107
-1000,-1000.109,0.006,0.103
-1000,-1000.109,-0.113,0.12
-1000,-1000.108,0.149,0.096
-1000,-1000.109,0.001,0.107
-1000,-1000.109,-0.012,0.11
-1000,-1000.109,-0.086,0.117
-1000,-1000.109,-0.057,0.112
-1000,-1000.109,0.033,0.12
-1000,-1000.109,0.034,0.108
-1000,-1000.108,0.143,0.128
-1000,-1000.109,0.04,0.107
-1000,-1000.109,-0.085,0.112
-1000,-1000.109,0.027,0.113
-1000,-1000.109,0.025,0.129
-1000,-1000.11,-0.154,0.11
-1000,-1000.109,0.047,0.099
-1000,-1000.109,-0.053,0.129
-1000,-1000.109,0.001,0.107
-1000,-1000.109,-0.067,0.112
-1000,-1000.109,-0.018,0.124
-1000,-1000.108,0.035,0.11
-1000,-1000.108,0.097,0.101
-1000,-1000.109,-0.102,0.094
-1000,-1000.108,0.028,0.107
-1000,-1000.109,-0.043,0.119
-1000,-1000.108,0.003,0.123
-1000,-1000.108,-0.049,0.121
-1000,-1000.109,-0.131,0.121
-1000,-1000.107,0.123,0.115
-1000,-1000.109,-0.115,0.105
-1000,-1000.108,-0.046,0.105
-1000,-1000.108,0.022,0.103
-1000,-1000.108,-0.022,0.102
-1000,-1000.108,0.016,0.11
-1000,-1000.108,0.007,0.102
-1000,-1000.108,-0.001,0.128
-1000,-1000.108,0.064,0.108
-1000,-1000.108,0.034,0.106
-1000,-1000.108,-0.028,0.115
-1000,-1000.108,0.015,0.101
-1000,-1000.108,-0.049,0.11
-1000,-1000.107,0.14,0.114
-1000,-1000.108,0.07,0.117
-1000,-1000.108,-0.025,0.11
-1000,-1000.109,-0.081,0.107
-1000,-1000.108,0.027,0.111
-1000,-1000.108,0.027,0.11
-1000,-1000.109,-0.1,0.107
-1000,-1000.109,-0.12,0.117
-1000,-1000.108,-0.041,0.106
-1000,-1000.108,-0.061,0.096
-1000,-1000.109,-0.11,0.108
-1000,-1000.108,-0.014,0.107
-1000,-1000.109,-0.131,0.109
-1000,-1000.108,-0.082,0.12
-1000,-1000.108,-0.003,0.108
-1000,-1000.108,-0.074,0.113
-1000,-1000.108,-0.017,0.107
-1000,-1000.107,0.157,0.109
-1000,-1000.108,-0.023,0.115
-1000,-1000.108,-0.003,0.117
-1000,-1000.108,0.047,0.111
-1000,-1000.108,-0.013,0.113
-1000,-1000.108,0.06,0.112
-1000,-1000.108,0.006,0.119
-1000,-1000.109,-0.116,0.111
-1000,-1000.108,0.052,0.116
-1000,-1000.108,-0.017,0.108
-1000,-1000.109,-0.145,0.117
-1000,-1000.108,-0.038,0.119
-1000,-1000.108,-0.024,0.107
-1000,-1000.107,0.089,0.118
-1000,-1000.107,0.156,0.098
-1000,-1000.107,0.107,0.112
-1000,-1000.108,-0.078,0.122
-1000,-1000.107,0.166,0.114
-1000,-1000.108,0.003,0.106
-1000,-1000.108,0.037,0.108
-1000,-1000.108,0.058,0.106
-1000,-1000.108,-0.027,0.103
-1000,-1000.108,-0.002,0.112
-1000,-1000.108,0.056,0.113
-1000,-1000.108,0.052,0.1
-1000,-1000.107,0.186,0.112
-1000,-1000.108,0.009,0.109
-1000,-1000.108,0.005,0.112
-1000,-1000.108,0.066,0.117
-1000,-1000.108,0.081,0.118
-1000,-1000.108,0.017,0.104
-1000,-1000.108,0.074,0.102
-1000,-1000.108,0.031,0.108
-1000,-1000.109,-0.118,0.108
-1000,-1000.107,0.111,0.094
-1000,-1000.108,0.029,0.102
-1000,-1000.108,-0.03,0.11
-1000,-1000.109,-0.147,0.116
-1000,-1000.108,-0.025,0.102
-1000,-1000.108,-0.085,0.099
-1000,-1000.107,0.128,0.123
-1000,-1000.108,0.021,0.118
-1000,-1000.106,0.22,0.109
-1000,-1000.108,-0.097,0.116
-1000,-1000.108,-0.092,0.109
-1000,-1000.109,-0.134,0.114
-1000,-1000.108,-0.063,0.112
-1000,-1000.107,0.158,0.112
-1000,-1000.109,-0.145,0.121
-1000,-1000.108,0.041,0.108
-1000,-1000.108,-0.023,0.102
-1000,-1000.108,-0.077,0.117
-1000,-1000.107,0.187,0.125
-1000,-1000.108,-0.077,0.105
-1000,-1000.107,0.203,0.112
-1000,-1000.108,-0.006,0.098
-1000,-1000.109,-0.102,0.112
-1000,-1000.109,-0.095,0.113
-1000,-1000.108,-0.025,0.111
-1000,-1000.109,-0.088,0.11
-1000,-1000.108,0.026,0.117
-1000,-1000.109,-0.098,0.124
-1000,-1000.108,0.037,0.115
-1000,-1000.108,-0.02,0.121
-1000,-1000.108,-0.019,0.1
-1000,-1000.109,-0.144,0.117
-1000,-1000.108,0.016,0.115
-1000,-1000.108,0.064,0.101
-1000,-1000.109,-0.056,0.106
-1000,-1000.108,0.108,0.096
-1000,-1000.108,0.052,0.105
-1000,-1000.107,0.183,0.108
-1000,-1000.108,0.017,0.117
-1000,-1000.109,-0.064,0.091
-1000,-1000.108,0.046,0.107
-1000,-1000.109,-0.118,0.097
-1000,-1000.109,-0.075,0.112
-1000,-1000.107,0.162,0.11
-1000,-1000.109,-0.117,0.102
-1000,-1000.109,-0.12,0.127
-1000,-1000.107,0.186,0.098
-1000,-1000.109,-0.064,0.109
-1000,-1000.108,0.064,0.11
-1000,-1000.108,0.029,0.106
-1000,-1000.108,-0.001,0.109
-1000,-1000.108,0.052,0.102
-1000,-1000.107,0.098,0.104
-1000,-1000.109,-0.146,0.117
-1000,-1000.107,0.147,0.102
-1000,-1000.108,0.004,0.113
-1000,-1000.107,0.084,0.117
-1000,-1000.107,0.097,0.108
-1000,-1000.108,0.007,0.108
-1000,-1000.108,0.035,0.101
-1000,-1000.108,0.039,0.099
-1000,-1000.108,0.048,0.103
-1000,-1000.107,0.095,0.107
-1000,-1000.108,0.032,0.112
-1000,-1000.106,0.19,0.116
-1000,-1000.107,0.086,0.112
-1000,-1000.108,0.026,0.104
-1000,-1000.108,0.026,0.127
-1000,-1000.108,-0.021,0.112
-1000,-1000.108,-0.034,0.12
-1000,-1000.109,-0.132,0.114
-1000,-1000.108,-0.044,0.105
-1000,-1000.109,-0.126,0.114
-1000,-1000.109,-0.212,0.104
-1000,-1000.108,0.022,0.096
-1000,-1000.108,0.064,0.102
-1000,-1000.107,0.116,0.113
-1000,-1000.108,0.054,0.101
-1000,-1000.107,0.093,0.115
-1000,-1000.108,-0.075,0.105
-1000,-1000.108,-0.108,0.103
-1000,-1000.108,-0.017,0.11
-1000,-1000.108,-0.081,0.096
-1000,-1000.107,0.088,0.119
-1000,-1000.108,-0.038,0.1
-1000,-1000.108,-0.033,0.122
-1000,-1000.107,0.108,0.109
-1000,-1000.108,0.007,0.117
-1000,-1000.107,0.092,0.108
-1000,-1000.108,-0.037,0.113
-1000,-1000.108,0.014,0.111
-1000,-1000.108,-0.029,0.102
-1000,-1000.108,0.02,0.106
-1000,-1000.107,0.091,0.104
-1000,-1000.108,0.009,0.103
-1000,-1000.108,-0.051,0.116
-1000,-1000.108,0.021,0.114
-1000,-1000.108,-0.045,0.102
-1000,-1000.108,-0.064,0.116
-1000,-1000.108,-0.046,0.119
-1000,-1000.108,-0.081,0.105
-1000,-1000.108,-0.105,0.115
-1000,-1000.108,-0.032,0.111
-1000,-1000.107,0.11,0.107
-1000,-1000.108,0.044,0.106
-1000,-1000.107,0.108,0.108
-1000,-1000.109,-0.147,0.12
-1000,-1000.108,0.014,0.105
-1000,-1000.107,0.083,0.105
-1000,-1000.108,-0.006,0.103
-1000,-1000.108,-0.009,0.114
-1000,-1000.108,-0.071,0.126
-1000,-1000.108,-0.085,0.113
-1000,-1000.108,-0.022,0.116
-1000,-1000.108,0.038,0.127
-1000,-1000.109,-0.216,0.101
-1000,-1000.108,-0.047,0.1
-1000,-1000.108,0.043,0.119
-1000,-1000.107,0.156,0.111
-1000,-1000.107,0.109,0.1
-1000,-1000.108,-0.041,0.115
-1000,-1000.108,-0.046,0.112
-1000,-1000.108,0.002,0.113
-1000,-1000.108,0.014,0.117
-1000,-1000.108,-0.031,0.101
-1000,-1000.108,0.009,0.116
-1000,-1000.108,0.022,0.123
-1000,-1000.108,-0.081,0.116
-1000,-1000.108,-0.027,0.109
-1000,-1000.108,-0.008,0.101
-1000,-1000.108,-0.068,0.107
-1000,-1000.108,0.011,0.111
-1000,-1000.108,-0.099,0.101
-1000,-1000.109,-0.138,0.122
-1000,-1000.108,-0.077,0.12
-1000,-1000.108,-0.007,0.121
-1000,-1000.109,-0.11,0.1
-1000,-1000.109,-0.129,0.109
-1000,-1000.108,0.004,0.115
-1000,-1000.107,0.149,0.114
-1000,-1000.108,-0.003,0.114
-1000,-1000.107,0.104,0.116
-1000,-1000.108,-0.025,0.116
-1000,-1000.109,-0.117,0.112
-1000,-1000.108,-0.005,0.099
-1000,-1000.108,0.052,0.125
-1000,-1000.109,-0.1,0.111
-1000,-1000.108,0.018,0.101
-1000,-1000.108,0.038,0.114
-1000,-1000.107,0.112,0.106
-1000,-1000.108,-0.029,0.115
-1000,-1000.108,-0.028,0.1
-1000,-1000.108,0.032,0.105
-1000,-1000.108,-0.04,0.103
-1000,-1000.108,-0.038,0.122
-1000,-1000.108,0.015,0.113
-1000,-1000.108,-0.049,0.11
-1000,-1000.107,0.076,0.118
-1000,-1000.107,0.087,0.124
-1000,-1000.108,-0.072,0.111
-1000,-1000.108,-0.038,0.119
-1000,-1000.108,-0.03,0.121
-1000,-1000.107,0.101,0.113
-1000,-1000.108,-0.035,0.114
-1000,-1000.108,0.044,0.115
-1000,-1000.109,-0.126,0.116
-1000,-1000.108,-0.022,0.105
-1000,-1000.107,0.094,0.104
-1000,-1000.107,0.088,0.117
-1000,-1000.108,-0.102,0.099
-1000,-1000.108,-0.02,0.12
-1000,-1000.107,0.113,0.115
-1000,-1000.108,-0.113,0.106
-1000,-1000.108,-0.049,0.123
-1000,-1000.108,-0.037,0.116
-1000,-1000.108,-0.056,0.119
-1000,-1000.108,-0.01,0.106
-1000,-1000.108,-0.056,0.119
-1000,-1000.108,-0.032,0.112
-1000,-1000.108,-0.055,0.123
-1000,-1000.108,-0.101,0.122
-1000,-1000.107,0.087,0.112
-1000,-1000.108,0.015,0.113
-1000,-1000.108,-0.023,0.106
-1000,-1000.107,0.11,0.119
-1000,-1000.108,0.037,0.115
-1000,-1000.107,0.098,0.115
-1000,-1000.107,0.083,0.113
